area,balconynum,balconysize,category,community,floor,gardennum,gardensize,id,listprice,name,onboarddate,roominfo,size,totalfloor,unitprice
留园西园,0,0,别墅,玖园,低,0,0,107102874988,948,玖园 6室3厅 948万_苏州姑苏留园西园玖园二手房(苏州链家),2020-07-31,6室3厅,378.3, (共2层),25060
沧浪新城,2,15.61,普通住宅,友联二村,高,0,0,107102835598,378,友联二村 4室3厅 378万_苏州姑苏沧浪新城友联二村二手房(苏州链家),2020-07-22,4室3厅,165.78, (共5层),22802
葑门,1,10.99,普通住宅,葑门路散盘,高,0,0,107102835800,480,葑门路散盘 4室2厅 480万_苏州姑苏葑门葑门路散盘二手房(苏州链家),2020-07-22,4室2厅,146, (共6层),32877
南门,0,0,普通住宅,水城丽都,高,0,0,107102837332,600,团结桥地铁口，水城丽都，顶复毛坯，房东诚售_苏州姑苏南门水城丽都二手房(苏州链家),2020-07-22,5室2厅,200, (共5层),30000
金阊新城,1,23.09,普通住宅,南山金城1958,低,2,59.54,107102837712,450,南山金城1958精装4房2厅1厨2房东诚心出售。_苏州姑苏金阊新城南山金城1958二手房(苏州链家),2020-07-22,4室2厅,145, (共6层),31035
金门,2,18.78,普通住宅,采香花园,高,0,0,107102838641,328,地铁口 满五年 精装复式房 上下六开间朝南 采光无遮挡_苏州姑苏金门采香花园二手房(苏州链家),2020-07-22,6室3厅,193, (共6层),16995
娄门,1,12.04,普通住宅,永林二区,高,0,0,107102838769,270,永林二村 护城河畔 精装修 空中阁楼 全天采光_苏州姑苏娄门永林二区二手房(苏州链家),2020-07-22,4室1厅,121.4, (共5层),22241
胥江,1,17.77,普通住宅,三香花园,高,0,0,107102840794,378,近地铁 三香花园精装四楼复式 露台朝南 业主诚心出售_苏州姑苏胥江三香花园二手房(苏州链家),2020-07-23,5室2厅,166, (共4层),22772
石路,2,31.26,普通住宅,凯旋花园,高,0,0,107102846415,309,石路旁边 凯旋花园复式 楼上附加面积超过100平米_苏州姑苏石路凯旋花园二手房(苏州链家),2020-07-24,7室3厅,139.86, (共6层),22094
胥江,3,35.17,普通住宅,解放新村,高,0,0,107102846506,329,解放新村2000年房龄 南北大露台 带独库10平方_苏州姑苏胥江解放新村二手房(苏州链家),2020-07-24,4室2厅,150, (共6层),21934
南门,0,0,别墅,佳安别院,低,0,0,107102846918,1650,佳安别院 7室3厅 1650万_苏州姑苏南门佳安别院二手房(苏州链家),2020-07-24,7室3厅,293.11, (共3层),56293
胥江,0,0,普通住宅,梅亭苑,高,0,0,107102848978,290,顶楼复式带阁楼带车库精装修高品质全明户型的优秀房源_苏州姑苏胥江梅亭苑二手房(苏州链家),2020-07-25,4室3厅,130.5, (共5层),22223
留园西园,1,11.46,普通住宅,新庄二村,高,0,0,107102849617,195,诚心出售，全新精装修，房东急售有钥匙_苏州姑苏留园西园新庄二村二手房(苏州链家),2020-07-25,4室3厅,73.41, (共5层),26564
胥江,2,22.03,普通住宅,金桥新村,高,0,0,107102853168,215,请留步，此房满五，视野开阔，采光充足，带阳光房。_苏州姑苏胥江金桥新村二手房(苏州链家),2020-07-26,4室1厅,140, (共6层),15358
胥江,0,0,普通住宅,中海胥江府,低,0,0,107102854931,1100,胥江府在卖唯一联排 全新毛坯 前中后大花园_苏州姑苏胥江中海胥江府二手房(苏州链家),2020-07-26,4室2厅,379.39, (共2层),28994
金门,1,9.68,普通住宅,新元二村,高,0,0,107102855143,370,新元二村 4室2厅 370万_苏州姑苏金门新元二村二手房(苏州链家),2020-07-26,4室2厅,186.44, (共4层),19846
沧浪新城,0,0,普通住宅,城西教师新村,高,0,0,107102856015,405,城西教师新村 4室2厅 405万_苏州姑苏沧浪新城城西教师新村二手房(苏州链家),2020-07-26,4室2厅,103, (共6层),39321
十全街,0,0,普通住宅,南石皮弄,低,0,0,107102856179,610,南石皮弄 4室2厅 610万_苏州姑苏十全街南石皮弄二手房(苏州链家),2020-07-26,4室2厅,120, (共3层),50834
胥江,0,0,普通住宅,巴里新村,高,0,0,107102859993,195,房子精装修，配套齐全，出行方便_苏州姑苏胥江巴里新村二手房(苏州链家),2020-07-27,4室2厅,120, (共5层),16250
胥江,1,23.8,普通住宅,新康花园,高,0,0,107102861161,400,新康花园 近桐泾公园 看房方便 采光好_苏州姑苏胥江新康花园二手房(苏州链家),2020-07-27,5室2厅,202, (共6层),19802
葑门,2,23.12,普通住宅,杨枝四村,高,0,0,107102861629,248,杨枝四村  五楼复式  18平车库  满五年  精装修_苏州姑苏葑门杨枝四村二手房(苏州链家),2020-07-28,4室1厅,110.88, (共6层),22367
金阊新城,0,0,普通住宅,富强新苑一区,高,0,0,107102864449,258,富强新苑一区 4室2厅 258万_苏州姑苏金阊新城富强新苑一区二手房(苏州链家),2020-07-29,4室2厅,152, (共5层),16974
胥江,0,0,普通住宅,奥林花园,高,0,0,107102866379,565,五楼复式，精装，楼上带挑高客厅，南北晒台，诚售！_苏州姑苏胥江奥林花园二手房(苏州链家),2020-07-29,5室3厅,227, (共5层),24890
娄门,0,0,普通住宅,东城明月,高,0,0,107102866822,350,姑苏区东环路平江中X U E 东城明月精装复式诚心出售_苏州姑苏娄门东城明月二手房(苏州链家),2020-07-29,4室2厅,146, (共5层),23973
平江新城,3,29.409999999999997,普通住宅,大观花园北区,高,0,0,107102867034,612,大观花园北区 5室2厅 612万_苏州姑苏平江新城大观花园北区二手房(苏州链家),2020-07-29,5室2厅,207.1, (共5层),29551
十全街,1,17.59,普通住宅,沈衙弄,高,0,0,107102868346,490,此房楼层好，位置佳，采光无遮挡，大公园，看房方便_苏州姑苏十全街沈衙弄二手房(苏州链家),2020-07-29,5室3厅,115.88, (共4层),42286
金门,0,0,普通住宅,三元四村,高,0,0,107102868492,260,新上三元四村 四房 采光无遮挡 业主诚心出售 看房方便_苏州姑苏金门三元四村二手房(苏州链家),2020-07-29,4室2厅,119, (共6层),21849
南门,0,0,普通住宅,南门世纪花园,高,0,0,107102870729,470,人民路桂花公园护城河南门世纪花园复式精装满两年_苏州姑苏南门南门世纪花园二手房(苏州链家),2020-07-30,4室2厅,160, (共4层),29375
苏州大学,0,0,普通住宅,宏葑新村,低,0,0,107102871447,340,苏州大学宏葑新村三楼复式精装5房诚意出售看房随时。_苏州姑苏苏州大学宏葑新村二手房(苏州链家),2020-07-30,5室2厅,165, (共3层),20607
胥江,0,0,普通住宅,姑香新苑,高,0,0,107102873739,460,姑香新苑 5室3厅 460万_苏州姑苏胥江姑香新苑二手房(苏州链家),2020-07-31,5室3厅,195.22, (共4层),23564
平江新城,2,15.95,普通住宅,苏锦二村南区,高,0,0,107102833618,298,苏锦二村南区 4室2厅 298万_苏州姑苏平江新城苏锦二村南区二手房(苏州链家),2020-07-21,4室2厅,120.5, (共4层),24731
胥江,0,0,普通住宅,梅亭苑,高,0,0,107102792447,210,顶带阁楼带自行车库，四房朝南，自住装修保养好_苏州姑苏胥江梅亭苑二手房(苏州链家),2020-07-11,4室2厅,112, (共5层),18750
南门,1,26.38,别墅,佳安别院,低,1,27.22,107102795193,1372,佳安别院古城区4层别墅，精装修，等待有品位的你!_苏州姑苏南门佳安别院二手房(苏州链家),2020-07-12,5室2厅,215, (共1层),63814
金门,0,0,别墅,寒舍,低,0,0,107102796215,825,寒舍 4室3厅 825万_苏州姑苏金门寒舍二手房(苏州链家),2020-07-12,4室3厅,265, (共1层),31133
金门,0,0,普通住宅,三元二村,高,0,0,107102796275,237,西环地铁口 三元二村 装修一年多_苏州姑苏金门三元二村二手房(苏州链家),2020-07-12,4室2厅,141.85, (共7层),16708
胥江,2,21.25,普通住宅,盘景苑,高,0,0,107102796669,560,盘景苑顶楼复式精装 户型方正采光亮瞎了眼_苏州姑苏胥江盘景苑二手房(苏州链家),2020-07-12,6室1厅,200.33, (共5层),27954
娄门,1,7.99,普通住宅,日规路1号,高,0,0,107102798393,245,东环路 日规路1号 顶楼复式 采光好 满五年唯一_苏州姑苏娄门日规路1号二手房(苏州链家),2020-07-12,4室2厅,116, (共6层),21121
齐门,0,0,普通住宅,平齐花苑,低,0,0,107102798414,399,平齐花苑 一楼复式带汽车库 楼下90平不体现三开间朝南_苏州姑苏齐门平齐花苑二手房(苏州链家),2020-07-12,7室3厅,197.82, (共4层),20170
留园西园,0,0,普通住宅,新庄二村,高,0,0,107102799974,220,新庄二村 4室2厅 220万_苏州姑苏留园西园新庄二村二手房(苏州链家),2020-07-13,4室2厅,113, (共6层),19470
虎丘,0,0,普通住宅,虎阜花园西区,高,0,0,107102800455,240,虎阜花园西区66平米，简单装修，  交通方便。_苏州姑苏虎丘虎阜花园西区二手房(苏州链家),2020-07-13,4室2厅,99, (共5层),24243
金门,2,45.47,普通住宅,干将名邸,高,0,0,107102800620,400,干将名邸 4室2厅 400万_苏州姑苏金门干将名邸二手房(苏州链家),2020-07-13,4室2厅,180, (共5层),22223
南门,0,0,普通住宅,玉兰新村,低,0,0,107102801963,650,超大户型  房东诚心出售  随时可看房_苏州姑苏南门玉兰新村二手房(苏州链家),2020-07-13,4室2厅,170, (共4层),38236
平江新城,0,0,普通住宅,天筑家园南区,高,0,0,107102803888,488,天筑家园南区 5室2厅 488万_苏州姑苏平江新城天筑家园南区二手房(苏州链家),2020-07-14,5室2厅,177.5, (共5层),27493
南门,0,0,普通住宅,人民路五号,高,0,0,107102804140,512,满五唯一、单价低、护城河边环境好、交通方便_苏州姑苏南门人民路五号二手房(苏州链家),2020-07-14,4室2厅,128.24, (共4层),39926
平江新城,0,0,普通住宅,汇翠花园,高,0,0,107102806692,339,新上顶复  121+79  业主诚心出售  采光很好_苏州姑苏平江新城汇翠花园二手房(苏州链家),2020-07-15,5室2厅,200, (共5层),16950
胥江,0,0,普通住宅,新康花园,高,0,0,107102806861,396,新康花园 新上房源 南北通透格局好 使用面积大_苏州姑苏胥江新康花园二手房(苏州链家),2020-07-15,6室3厅,221.08, (共6层),17913
葑门,0,0,普通住宅,现代花园,高,0,0,107102807270,235,二期房龄新采光足，业主诚心出售哦_苏州姑苏葑门现代花园二手房(苏州链家),2020-07-15,4室2厅,101.02, (共5层),23263
平江新城,0,0,普通住宅,汇翠花园,高,0,0,107102808583,378,汇翠精装顶复，看房方便，采光充足_苏州姑苏平江新城汇翠花园二手房(苏州链家),2020-07-15,5室2厅,176, (共5层),21478
十全街,1,33.41,普通住宅,吴衙场散盘,低,0,0,107102810950,480,吴衙场散盘 5室2厅 480万_苏州姑苏十全街吴衙场散盘二手房(苏州链家),2020-07-16,5室2厅,128, (共2层),37500
胥江,2,42.25,普通住宅,潼泾新村,高,0,0,107102811306,310,满五唯一，顶楼带双露台，有车库，房龄新，诚心卖！_苏州姑苏胥江潼泾新村二手房(苏州链家),2020-07-16,4室2厅,176.62, (共5层),17552
平江新城,1,6.49,普通住宅,梅花新村,高,0,0,107102814048,220,总价低，可谈，精装修房东自住，房东诚心出售_苏州姑苏平江新城梅花新村二手房(苏州链家),2020-07-17,5室2厅,160, (共6层),13750
胥江,0,0,普通住宅,金桥新村,高,0,0,107102816453,212,金桥新村 4室2厅 212万_苏州姑苏胥江金桥新村二手房(苏州链家),2020-07-17,4室2厅,97, (共6层),21856
南门,0,0,普通住宅,南门世纪花园,高,0,0,107102818123,460,南门世纪花园古运河房......................._苏州姑苏南门南门世纪花园二手房(苏州链家),2020-07-18,4室1厅,155.95, (共4层),29497
沧浪新城,2,13.36,普通住宅,博雅苑,高,0,0,107102820479,750,博雅苑四层顶复，精装修，诚意售，待有缘人询价_苏州姑苏沧浪新城博雅苑二手房(苏州链家),2020-07-18,5室2厅,211, (共4层),35546
十全街,1,11.11,普通住宅,唐家巷42号,高,0,0,107102821452,528,唐家巷42号 4室2厅 528万_苏州姑苏十全街唐家巷42号二手房(苏州链家),2020-07-18,4室2厅,200, (共4层),26400
南门,2,22.0,普通住宅,人民路222号,高,0,0,107102823199,320,人民路222号 5室1厅 320万_苏州姑苏南门人民路222号二手房(苏州链家),2020-07-19,5室1厅,125, (共5层),25600
胥江,1,48.37,普通住宅,润达新村,高,0,0,107102825161,370,润达三期，小区中间位置复式安静采光好，有大车库_苏州姑苏胥江润达新村二手房(苏州链家),2020-07-19,4室3厅,151, (共4层),24504
金门,1,20.5,普通住宅,菱塘新村二区,高,0,0,107102827283,284,干将路旁 地铁口边上独立汽车库  满五唯一  采光充足_苏州姑苏金门菱塘新村二区二手房(苏州链家),2020-07-19,4室2厅,162.3, (共5层),17499
南门,3,25.09,普通住宅,盘溪新村上沙苑,高,0,0,107102832233,257,盘溪新村上沙苑 5室2厅 257万_苏州姑苏南门盘溪新村上沙苑二手房(苏州链家),2020-07-21,5室2厅,158.99, (共6层),16165
苏州大学,2,20.22,普通住宅,锦书清华里,高,0,0,107102832593,460,锦书清华里 高档小区 很好的 随时看房_苏州姑苏苏州大学锦书清华里二手房(苏州链家),2020-07-21,5室2厅,110.57, (共6层),41603
虎丘,0,0,普通住宅,虎阜花园东区,高,0,0,107102791943,250,虎阜花园东区 4室2厅 250万_苏州姑苏虎丘虎阜花园东区二手房(苏州链家),2020-07-11,4室2厅,122, (共5层),20492
沧浪新城,1,10.46,普通住宅,承信小区,高,0,0,107102762460,375,房东诚售，户型正气，采光好，带独立汽车库河自行车库_苏州姑苏沧浪新城承信小区二手房(苏州链家),2020-07-04,5室2厅,191.7, (共5层),19562
留园西园,1,8.39,普通住宅,中天品苑西区,高,0,0,107102763103,380,姑苏新房源中天品苑复式精装全明户型通透业主诚售_苏州姑苏留园西园中天品苑西区二手房(苏州链家),2020-07-04,4室3厅,121.39, (共6层),31305
留园西园,0,0,普通住宅,莲花新村（姑苏）,高,0,0,107102763445,224.8,莲花新村 好房出售 拎包入住  看房方便 诚心出售_苏州姑苏留园西园莲花新村（姑苏）二手房(苏州链家),2020-07-04,4室2厅,126, (共5层),17842
葑门,0,0,普通住宅,现代花园,高,0,0,107102766142,204,此房满五唯一 4房朝南 格局好 视野开阔 交通便利_苏州姑苏葑门现代花园二手房(苏州链家),2020-07-05,4室2厅,97.48, (共5层),20928
金阊新城,0,0,普通住宅,富强新苑二区,高,0,0,107102769783,310,富强新苑 大户顶楼复式 堪称空中小别墅全天采光_苏州姑苏金阊新城富强新苑二区二手房(苏州链家),2020-07-06,5室2厅,188, (共5层),16490
平江新城,1,3.16,普通住宅,鼎尚花园(姑苏区),高,0,0,107102773119,220,满五唯一，自住装修，适宜居住。_苏州姑苏平江新城鼎尚花园(姑苏区)二手房(苏州链家),2020-07-07,4室2厅,92, (共5层),23914
桃花坞,3,31.21,普通住宅,高师巷散盘,低,0,0,107102773243,480,高师巷散盘 4室3厅 480万_苏州姑苏桃花坞高师巷散盘二手房(苏州链家),2020-07-07,4室3厅,163, (共3层),29448
留园西园,0,0,普通住宅,玫瑰苑(姑苏区),高,0,0,107102774611,320,玫瑰苑名字好听 位置好 户型好，配套全._苏州姑苏留园西园玫瑰苑(姑苏区)二手房(苏州链家),2020-07-07,6室3厅,120.23, (共5层),26616
留园西园,1,11.67,普通住宅,春馨园D区,高,0,0,107102776101,210,春馨园 精装大户型 交通好 房间多 满足一大家子_苏州姑苏留园西园春馨园D区二手房(苏州链家),2020-07-08,4室2厅,120, (共5层),17500
十全街,0,0,普通住宅,船舫巷,低,0,0,107102777532,700,此房满五唯一，带15平车库，顶带阁楼实际面积较大。_苏州姑苏十全街船舫巷二手房(苏州链家),2020-07-08,4室3厅,170, (共3层),41177
苏州大学,1,13.76,普通住宅,苏大北小区,高,0,0,107102778305,360,护城河畔苏大北小区，诚意出售，交通方便，离地铁近_苏州姑苏苏州大学苏大北小区二手房(苏州链家),2020-07-08,5室2厅,88.34, (共5层),40752
虎丘,0,0,普通住宅,虎阜花园东区,高,0,0,107102778692,300,虎阜花园东区93平复式 产证面积160平 满两年 草桥_苏州姑苏虎丘虎阜花园东区二手房(苏州链家),2020-07-08,5室3厅,160, (共5层),18750
苏州大学,1,66.83,普通住宅,宏葑新村,高,0,0,107102780564,380,宏葑新村 4室2厅 380万_苏州姑苏苏州大学宏葑新村二手房(苏州链家),2020-07-09,4室2厅,145, (共5层),26207
平江新城,1,12.28,别墅,大观花园,低,1,21.94,107102780647,998,大观花园 5室3厅 998万_苏州姑苏平江新城大观花园二手房(苏州链家),2020-07-09,5室3厅,245, (共1层),40735
金阊新城,0,0,普通住宅,南山金城1958,低,0,0,107102783345,450,南山金城1958 4室2厅 450万_苏州姑苏金阊新城南山金城1958二手房(苏州链家),2020-07-09,4室2厅,141.5, (共6层),31803
齐门,0,0,别墅,华润平门府,低,0,0,107102784427,1850,平门府 南进门三期独栋 收藏级传世别墅_苏州姑苏齐门华润平门府二手房(苏州链家),2020-07-10,5室2厅,466, (共2层),39700
桃花坞,0,0,别墅,宋仙洲巷散盘,低,0,0,107102784449,3100,民国银行行长洋房占地一亩 一墅难求 怀旧的经典_苏州姑苏桃花坞宋仙洲巷散盘二手房(苏州链家),2020-07-10,5室3厅,420, (共2层),73810
娄门,2,19.9,普通住宅,塘坊苑,高,0,0,107102788514,270,实用精装复式 四加一户型 近菜场 出行便利_苏州姑苏娄门塘坊苑二手房(苏州链家),2020-07-10,4室2厅,115, (共5层),23479
留园西园,0,0,别墅,嘉业阳光城,低,0,0,107102788588,680,嘉业阳光城联排别墅，东边户彩光好，院子大草坪；_苏州姑苏留园西园嘉业阳光城二手房(苏州链家),2020-07-10,5室2厅,230, (共1层),29566
南门,0,0,普通住宅,新桥巷,高,0,0,107102789255,214.8,满五唯一，房东自住精装修，二合一车库_苏州姑苏南门新桥巷二手房(苏州链家),2020-07-11,4室2厅,137, (共5层),15679
十全街,0,0,普通住宅,定慧寺巷社区,低,0,0,107102789277,456,定慧寺巷社区 4室2厅 456万_苏州姑苏十全街定慧寺巷社区二手房(苏州链家),2020-07-11,4室2厅,109.7, (共3层),41568
南门,0,0,普通住宅,泰华苑,高,0,0,107102789318,398,姑苏区，人民路，泰华苑，四楼复式有汽车库，诚售_苏州姑苏南门泰华苑二手房(苏州链家),2020-07-11,6室2厅,212.02, (共4层),18772
娄门,0,0,普通住宅,永林新村,低,1,15.98,107102789367,213,永林新村 4室1厅 213万_苏州姑苏娄门永林新村二手房(苏州链家),2020-07-11,4室1厅,60, (共6层),35500
平江新城,0,0,普通住宅,大观花园北区,低,1,33.0,107102790873,980,大观花园北区 联排 位置好价格可谈_苏州姑苏平江新城大观花园北区二手房(苏州链家),2020-07-11,4室3厅,279.6, (共3层),35051
留园西园,1,9.12,普通住宅,春馨园D区,高,0,0,107102790969,198,房子复式顶带阁，视野开阔，房型好_苏州姑苏留园西园春馨园D区二手房(苏州链家),2020-07-11,4室2厅,108.03, (共5层),18329
苏州大学,0,0,别墅,万科长风别墅,低,0,0,107102791172,1720,万科长风别墅，近地铁，清水毛坯。_苏州姑苏苏州大学万科长风别墅二手房(苏州链家),2020-07-11,4室2厅,324.55, (共3层),52997
胥江,1,4.54,普通住宅,公园天下,高,0,0,107102791273,520,公园天下 6室4厅 520万_苏州姑苏胥江公园天下二手房(苏州链家),2020-07-11,6室4厅,222, (共5层),23424
虎丘,0,0,普通住宅,虎阜花园西区,高,0,0,107102791845,278,虎阜花园，4室两厅，精装修，满5年，楼下77平户型_苏州姑苏虎丘虎阜花园西区二手房(苏州链家),2020-07-11,4室2厅,120, (共5层),23167
虎丘,0,0,普通住宅,虎阜花园东区,高,0,0,107102791917,220,此房采光好，视野佳，诚意出售，看房提前约_苏州姑苏虎丘虎阜花园东区二手房(苏州链家),2020-07-11,4室2厅,100, (共5层),22000
沧浪新城,1,10.46,普通住宅,承信小区,高,0,0,107102762460,375,房东诚售，户型正气，采光好，带独立汽车库河自行车库_苏州姑苏沧浪新城承信小区二手房(苏州链家),2020-07-04,5室2厅,191.7, (共5层),19562
留园西园,0,0,别墅,留园别墅,低,0,0,107102707986,850,此房满五年.带花园50平左右.适合修身养性的居住_苏州姑苏留园西园留园别墅二手房(苏州链家),2020-06-22,6室2厅,244, (共3层),34837
十全街,3,43.440000000000005,普通住宅,木杏苑,高,0,0,107102708164,620,满五唯一 有汽车库 平直 振华  使用面积 自住装修_苏州姑苏十全街木杏苑二手房(苏州链家),2020-06-22,5室2厅,185, (共4层),33514
南门,1,16.53,普通住宅,新养蚕里新村,低,0,0,107102708195,480,新养蚕里新村，3楼精装带阁楼，可直接拎包入住_苏州姑苏南门新养蚕里新村二手房(苏州链家),2020-06-22,4室2厅,134, (共3层),35821
桃花坞,0,0,别墅,桃坞巷,低,0,0,107102709071,1180,桃坞才苑类独栋，毛坯，房东诚意出售_苏州姑苏桃花坞桃坞巷二手房(苏州链家),2020-06-22,5室2厅,352, (共3层),33523
娄门,1,16.29,普通住宅,永林新村,高,0,0,107102713988,350,永林新村 4室2厅 350万_苏州姑苏娄门永林新村二手房(苏州链家),2020-06-24,4室2厅,158, (共4层),22152
平江新城,0,0,普通住宅,新天地家园北区,高,0,0,107102715229,345,此房户型正气，采光刺眼，自带独立汽车库和自行车库_苏州姑苏平江新城新天地家园北区二手房(苏州链家),2020-06-24,4室3厅,152, (共5层),22698
十全街,2,22.869999999999997,普通住宅,二郎巷,高,0,0,107102715912,408,二郎巷 4室1厅 408万_苏州姑苏十全街二郎巷二手房(苏州链家),2020-06-24,4室1厅,110, (共4层),37091
金门,0,0,普通住宅,金门路386号,高,0,0,107102721898,255,97年房龄 机械新村 金门路386号 边户顶楼复式 带车库_苏州姑苏金门金门路386号二手房(苏州链家),2020-06-26,4室3厅,118, (共5层),21611
金阊新城,0,0,普通住宅,宝邻苑,高,0,0,107102724909,195,宝邻苑 4室2厅 195万_苏州姑苏金阊新城宝邻苑二手房(苏州链家),2020-06-26,4室2厅,81.7, (共6层),23868
南门,1,7.93,普通住宅,南园南路34号,高,0,0,107102726236,328,南园南路 可用 复式两层 五个房间 带露台 近汇邻广场_苏州姑苏南门南园南路34号二手房(苏州链家),2020-06-27,5室1厅,105.22, (共6层),31173
平江新城,0,0,普通住宅,梅花三村,高,0,0,107102729854,260,梅花三村 复式 四房 满五唯一_苏州姑苏平江新城梅花三村二手房(苏州链家),2020-06-27,4室2厅,131, (共6层),19848
沧浪新城,0,0,普通住宅,水香六村,高,0,0,107102730421,350,此房包含汽车库 房型正 户型通透_苏州姑苏沧浪新城水香六村二手房(苏州链家),2020-06-27,6室3厅,210, (共6层),16667
桃花坞,2,17.34,普通住宅,东百花巷,低,0,0,107102732042,375,东百花巷顶带阁，自住装修，满五唯一，全明户型。_苏州姑苏桃花坞东百花巷二手房(苏州链家),2020-06-28,4室1厅,81.4, (共3层),46069
南门,0,0,普通住宅,桂花新村,高,0,0,107102733318,600,精装修，拎包入住，满五唯一，业主诚售_苏州姑苏南门桂花新村二手房(苏州链家),2020-06-28,4室2厅,127, (共4层),47245
平江新城,2,19.84,普通住宅,苏锦一村,低,0,0,107102733640,450,苏锦一村，3楼顶楼复式，实用面积大_苏州姑苏平江新城苏锦一村二手房(苏州链家),2020-06-28,6室1厅,120, (共3层),37500
南门,0,0,普通住宅,新养蚕里新村,低,0,0,107102735424,360,平直振华 新养蚕里新村 一楼带院子开门 精装四房_苏州姑苏南门新养蚕里新村二手房(苏州链家),2020-06-28,4室2厅,73.52, (共3层),48967
十全街,0,0,普通住宅,沧浪亭后2号,低,0,0,107102737128,1400,位置好，小区配套齐全，交通便利_苏州姑苏十全街沧浪亭后2号二手房(苏州链家),2020-06-29,6室2厅,267, (共2层),52435
沧浪新城,2,25.94,普通住宅,博雅苑,高,0,0,107102743880,700,多层复式，保养佳，带南北双露，带2个租的车位_苏州姑苏沧浪新城博雅苑二手房(苏州链家),2020-06-30,4室2厅,166, (共4层),42169
沧浪新城,1,6.93,普通住宅,长欣苑南区,高,0,0,107102745849,270,地铁口，  满五唯一，车位跟房走有车库，_苏州姑苏沧浪新城长欣苑南区二手房(苏州链家),2020-07-01,4室2厅,157.5, (共5层),17143
金门,0,0,普通住宅,阊胥路102号,高,0,0,107102746426,370,阊胥路102号精装修房子 南浩街 红旗新村_苏州姑苏金门阊胥路102号二手房(苏州链家),2020-07-01,6室2厅,197, (共5层),18782
金门,1,13.09,普通住宅,馨泓花园B区,高,0,0,107102746677,418,已申请装电梯，满五年，家电品质，拎包入住，_苏州姑苏金门馨泓花园B区二手房(苏州链家),2020-07-01,5室3厅,158, (共5层),26456
平江新城,0,0,普通住宅,梅花新村,高,0,0,107102748618,179,此房在售，，，，，，，，，，，，，，，，，_苏州姑苏平江新城梅花新村二手房(苏州链家),2020-07-01,4室2厅,120, (共6层),14917
胥江,0,0,普通住宅,梅亭苑,高,0,0,107102748824,245,四楼复式  带28平独立产证的车库。_苏州姑苏胥江梅亭苑二手房(苏州链家),2020-07-01,4室2厅,106, (共4层),23114
胥江,1,12.97,普通住宅,润达新村,高,0,0,107102749394,244,润达新村4房2卫小区中间位置，带独立自行车库_苏州姑苏胥江润达新村二手房(苏州链家),2020-07-02,5室2厅,108, (共6层),22593
沧浪新城,0,0,别墅,福星小区,低,0,0,107102750387,750,全明联排别墅，格局好，楼层好，视野开阔_苏州姑苏沧浪新城福星小区二手房(苏州链家),2020-07-02,5室3厅,217.9, (共3层),34420
平江新城,0,0,普通住宅,梅花新村,高,0,0,107102755736,245,梅花新村 7室2厅 245万_苏州姑苏平江新城梅花新村二手房(苏州链家),2020-07-03,7室2厅,150, (共6层),16334
虎丘,1,8.24,普通住宅,虎阜花园西区,高,0,0,107102756472,285,此房满二年，小区门口有6号线站台，阳光充足！_苏州姑苏虎丘虎阜花园西区二手房(苏州链家),2020-07-03,4室2厅,147, (共5层),19388
留园西园,0,0,别墅,桐邨,低,1,26.12,107102760372,750,桐邨，下叠别墅，全新纯毛坯，带花园，有汽车库！_苏州姑苏留园西园桐邨二手房(苏州链家),2020-07-04,5室3厅,290.91, (共1层),25782
葑门,0,0,普通住宅,现代花园,高,0,0,107102761989,273,房龄新，带独库，全明户型，精装修，5楼复式。_苏州姑苏葑门现代花园二手房(苏州链家),2020-07-04,4室2厅,108.42, (共5层),25180
胥江,1,18.23,普通住宅,劳动路550号,高,0,0,107102707100,285,轻轨二号线 龙湖天街旁劳动路550号 复式房 带有大晒台_苏州姑苏胥江劳动路550号二手房(苏州链家),2020-06-22,4室2厅,150, (共5层),19000
留园西园,0,0,别墅,玖园,低,0,0,107102670313,760,有钥匙 市区新上联排别墅 满五年南北院子 价格可谈_苏州姑苏留园西园玖园二手房(苏州链家),2020-06-13,5室2厅,343.98, (共3层),22095
胥江,0,0,普通住宅,梅亭苑,高,0,0,107102671249,220,梅亭苑 精装复式 业主自住 保养好 独库 南北通风_苏州姑苏胥江梅亭苑二手房(苏州链家),2020-06-13,4室2厅,132, (共5层),16667
虎丘,0,0,普通住宅,虎阜花园东区,高,0,0,107102672426,310,顶楼复式，房龄新，采光充足，房间多，_苏州姑苏虎丘虎阜花园东区二手房(苏州链家),2020-06-14,6室3厅,159.57, (共5层),19428
胥江,0,0,普通住宅,新康花园,高,0,0,107102674772,408,新康花园 近桐泾公园 看房方便 采光好_苏州姑苏胥江新康花园二手房(苏州链家),2020-06-14,6室2厅,185, (共6层),22055
留园西园,0,0,普通住宅,莲花新村（姑苏）,高,0,0,107102675467,190,莲花新村（姑苏） 4室1厅 190万_苏州姑苏留园西园莲花新村（姑苏）二手房(苏州链家),2020-06-14,4室1厅,77.82, (共5层),24416
胥江,1,22.65,普通住宅,新康花园,高,0,0,107102676462,365,新康花园 6室1厅 365万_苏州姑苏胥江新康花园二手房(苏州链家),2020-06-14,6室1厅,121, (共6层),30166
虎丘,0,0,普通住宅,虎阜花园西区,高,0,0,107102676840,225,轻轨6号线  虎阜西区 毛坯4房复式 满2年_苏州姑苏虎丘虎阜花园西区二手房(苏州链家),2020-06-15,4室1厅,99, (共5层),22728
胥江,1,11.25,普通住宅,新康花园,高,0,0,107102679086,209,新康花园复式好房 实际面积130平 四房 业主急售_苏州姑苏胥江新康花园二手房(苏州链家),2020-06-15,4室1厅,69.73, (共5层),29973
南门,2,19.03,普通住宅,大龙港新村,高,0,0,107102679481,280,2001年商品房，精装修，拎包直接入住，离地铁站近_苏州姑苏南门大龙港新村二手房(苏州链家),2020-06-15,4室3厅,135.27, (共6层),20700
苏州大学,1,15.21,普通住宅,东环路1165号,高,0,0,107102679986,480,东环1号6号线商品房 带城平江 大复式带晒台 带大独库_苏州姑苏苏州大学东环路1165号二手房(苏州链家),2020-06-15,4室3厅,192.23, (共4层),24971
胥江,0,0,普通住宅,公园天下,高,0,0,107102680178,580,hao装 空中叠墅 中 央空调+地暖 家庭影院，位置安静_苏州姑苏胥江公园天下二手房(苏州链家),2020-06-15,7室2厅,285.82, (共5层),20293
胥江,2,31.85,普通住宅,姑香苑,高,0,0,107102680886,275,姑香苑新上顶复，附带两个露台，保养很不错，看房方便_苏州姑苏胥江姑香苑二手房(苏州链家),2020-06-16,4室2厅,120, (共6层),22917
金门,3,39.85,普通住宅,三香弄八号小区,高,0,0,107102680894,236,三香弄八号小区 4室2厅 236万_苏州姑苏金门三香弄八号小区二手房(苏州链家),2020-06-16,4室2厅,135, (共6层),17482
平江新城,0,0,普通住宅,梅花三村,高,0,0,107102685082,205,梅花三村 顶楼复式 4房 不满2年_苏州姑苏平江新城梅花三村二手房(苏州链家),2020-06-17,4室2厅,98.86, (共5层),20737
葑门,0,0,普通住宅,现代花园,高,0,0,107102687375,270,品牌婚装，全明通透户型，大空间复式，房东诚心卖。_苏州姑苏葑门现代花园二手房(苏州链家),2020-06-17,4室2厅,111, (共5层),24325
南门,2,10.879999999999999,普通住宅,泰华苑,高,0,0,107102687937,510,泰华苑 4室2厅 510万_苏州姑苏南门泰华苑二手房(苏州链家),2020-06-18,4室2厅,152.88, (共4层),33360
齐门,3,28.099999999999998,普通住宅,东蒋家场,高,0,0,107102689301,358,政园小区旁，晋府别墅旁，近拙政园，四楼复式，似上叠_苏州姑苏齐门东蒋家场二手房(苏州链家),2020-06-18,4室2厅,166, (共4层),21567
苏州大学,0,0,普通住宅,东环路1165号,高,0,0,107102689437,420,满五年不唯一，有随时看房，也可上门直接看。_苏州姑苏苏州大学东环路1165号二手房(苏州链家),2020-06-18,5室2厅,193, (共5层),21762
胥江,1,11.44,普通住宅,金桥新村,高,0,0,107102690600,220,满五唯一  轻轨2号线 复式精装修 带16平独库 价格可谈_苏州姑苏胥江金桥新村二手房(苏州链家),2020-06-18,4室2厅,118.92, (共6层),18500
南门,1,18.54,普通住宅,桂花新村,高,0,0,107102690723,450,桂花二期 顶楼复式 四房两厅 满五唯一免个税 近地铁_苏州姑苏南门桂花新村二手房(苏州链家),2020-06-18,4室2厅,84, (共4层),53572
南门,1,17.9,普通住宅,水城丽都,高,0,0,107102691701,415,水城丽都 4室1厅 415万_苏州姑苏南门水城丽都二手房(苏州链家),2020-06-18,4室1厅,154.66, (共5层),26834
齐门,0,0,别墅,华润平门府,低,0,0,107102694111,1880,华润平门府 8室4厅 1880万_苏州姑苏齐门华润平门府二手房(苏州链家),2020-06-19,8室4厅,472.74, (共2层),39769
沧浪新城,1,9.57,普通住宅,水香六村,高,0,0,107102697123,262,水香六村 四房复式 独库 看房方便_苏州姑苏沧浪新城水香六村二手房(苏州链家),2020-06-20,4室2厅,91.31, (共5层),28694
十全街,0,0,普通住宅,福园小区,高,0,0,107102698024,580,福园小区 5室2厅 580万_苏州姑苏十全街福园小区二手房(苏州链家),2020-06-20,5室2厅,128.28, (共5层),45214
石路,2,30.4,普通住宅,干将西路500号小区,高,0,0,107102701951,335,干将路旁复式带晒台  独立自行车库 诚心出售_苏州姑苏石路干将西路500号小区二手房(苏州链家),2020-06-21,4室2厅,102.21, (共5层),32776
平江新城,0,0,普通住宅,苏锦二村北区,高,0,0,107102702135,315,苏锦二村北区 4室2厅 315万_苏州姑苏平江新城苏锦二村北区二手房(苏州链家),2020-06-21,4室2厅,100.4, (共5层),31375
金阊新城,0,0,普通住宅,宝邻苑,高,0,0,107102702863,195,婚装房 顶楼复式 满两年 户型方正 学府一条街 有车库_苏州姑苏金阊新城宝邻苑二手房(苏州链家),2020-06-21,4室2厅,86.36, (共6层),22580
胥江,2,14.74,普通住宅,巴桥头新村,高,0,0,107102705191,210,巴桥头新村，复式四居，自住装修，看房方便_苏州姑苏胥江巴桥头新村二手房(苏州链家),2020-06-21,4室1厅,99.3, (共6层),21149
葑门,0,0,普通住宅,现代花园,高,0,0,107102705312,287.7,东环沿线好地段  5楼复式房 4个朝南房间 高得房率_苏州姑苏葑门现代花园二手房(苏州链家),2020-06-21,4室2厅,117.5, (共5层),24486
留园西园,1,5.3,普通住宅,闻钟苑一区,高,0,0,107102664327,246,"闻钟苑，顶楼复式，五室多厅多卫，带大晒台,诚心出售_苏州姑苏留园西园闻钟苑一区二手房(苏州链家)",2020-06-12,5室3厅,99.9, (共5层),24625
沧浪新城,2,34.1,普通住宅,长欣苑,高,0,0,107102649308,380,长欣苑 4室2厅 380万_苏州姑苏沧浪新城长欣苑二手房(苏州链家),2020-06-09,4室2厅,148.63, (共5层),25567
南门,1,5.62,普通住宅,南园南路34号,高,0,0,107102651641,328,南园南路34号  顶带阁楼 有大露台 超高使用面积_苏州姑苏南门南园南路34号二手房(苏州链家),2020-06-09,4室3厅,94.81, (共6层),34596
南门,1,10.8,普通住宅,盘门雅苑,高,0,0,107102651750,415,此房为全明格局，，前排无遮挡，采光充足。_苏州姑苏南门盘门雅苑二手房(苏州链家),2020-06-09,4室2厅,172, (共5层),24128
留园西园,0,0,普通住宅,嘉业阳光城,高,0,0,107102653535,374,嘉业阳光城 多层 采光好 精装修_苏州姑苏留园西园嘉业阳光城二手房(苏州链家),2020-06-10,5室2厅,189.26, (共5层),19762
金阊新城,0,0,普通住宅,南山金城1958,高,0,0,107102653889,335,南山金城1958 4室2厅 335万_苏州姑苏金阊新城南山金城1958二手房(苏州链家),2020-06-10,4室2厅,115.5, (共6层),29005
十全街,1,9.73,普通住宅,唐家巷42号,高,0,0,107102657257,510,满五年 有钥匙 振华 草桥 房龄新 今年小区还要整改_苏州姑苏十全街唐家巷42号二手房(苏州链家),2020-06-11,5室2厅,200, (共4层),25500
金门,0,0,普通住宅,新元路20号,高,0,0,107102659013,300,满五年 精装修，环境优美 格局好 通风好 楼层好_苏州姑苏金门新元路20号二手房(苏州链家),2020-06-11,4室2厅,136, (共4层),22059
南门,1,10.6,普通住宅,南门世纪花园,高,0,0,107102659535,438,平直南门世纪花园4楼复式带汽车库精装修家具家电齐全_苏州姑苏南门南门世纪花园二手房(苏州链家),2020-06-11,5室2厅,99.2, (共4层),44154
娄门,1,10.32,普通住宅,塘坊苑,高,0,0,107102662049,340,稀有复式，房子保养好，采光无遮挡。_苏州姑苏娄门塘坊苑二手房(苏州链家),2020-06-12,4室2厅,115, (共5层),29566
留园西园,1,12.9,普通住宅,御庭苑,高,0,0,107102662116,328.5,御庭苑大复式，户型好，自行车库，看房有钥匙_苏州姑苏留园西园御庭苑二手房(苏州链家),2020-06-12,4室2厅,153, (共5层),21471
留园西园,0,0,普通住宅,长盛花园,高,0,0,107102662140,338,长盛花园，精装修，独库，自住， 诚心出售，看中可谈_苏州姑苏留园西园长盛花园二手房(苏州链家),2020-06-12,5室2厅,156, (共4层),21667
留园西园,1,10.87,普通住宅,春馨园B区,高,0,0,107102662167,218,急售春馨园5楼复式户型正气独库使用面积大生活便利_苏州姑苏留园西园春馨园B区二手房(苏州链家),2020-06-12,4室2厅,121, (共5层),18017
苏州大学,2,18.95,普通住宅,相门新村,高,0,0,107102663323,370,地铁口相门新村大复式含汽车库电动车库_苏州姑苏苏州大学相门新村二手房(苏州链家),2020-06-12,4室2厅,152.5, (共4层),24263
南门,0,0,普通住宅,万丽花园,低,0,0,107102663393,508,万丽花园4室2厅2卫，房型正气，采光无遮挡，_苏州姑苏南门万丽花园二手房(苏州链家),2020-06-12,4室2厅,187, (共3层),27166
沧浪新城,1,4.2,普通住宅,友联二村,高,0,0,107102628885,190,友联二村  满五唯一  四房 带车库 南北顶复双露台_苏州姑苏沧浪新城友联二村二手房(苏州链家),2020-06-04,4室2厅,96.65, (共6层),19659
金门,0,0,普通住宅,三香弄八号小区,高,0,0,107102633029,340,房东诚心出售三香弄八号小区四楼复式_苏州姑苏金门三香弄八号小区二手房(苏州链家),2020-06-05,4室2厅,128, (共4层),26563
留园西园,4,70.8,别墅,玖园,低,1,23.1,107102633393,880,市区虎丘联排 园林风格别墅 两车库车位 有钥匙_苏州姑苏留园西园玖园二手房(苏州链家),2020-06-05,5室2厅,382.5, (共2层),23007
胥江,1,22.87,普通住宅,解放新村,高,0,0,107102636586,192,解放新村复式 带阁楼露台 满五唯一_苏州姑苏胥江解放新村二手房(苏州链家),2020-06-06,4室2厅,124.63, (共6层),15406
胥江,1,19.84,普通住宅,劳动路110号,高,0,0,107102636701,390,复式可做两套，两进门可分开， 5房3厅2卫2厨带阳光房_苏州姑苏胥江劳动路110号二手房(苏州链家),2020-06-06,5室3厅,133, (共5层),29324
葑门,1,14.91,普通住宅,现代花园,高,0,0,107102637420,334.5,现代花园二期 精装复式 两层分开互不打扰 带独立车库_苏州姑苏葑门现代花园二手房(苏州链家),2020-06-06,7室3厅,161, (共5层),20777
沧浪新城,2,17.85,普通住宅,友联一村,高,0,0,107102637778,218,大阳台大露台，明厨明卫，两房朝南户型正气，随时可签_苏州姑苏沧浪新城友联一村二手房(苏州链家),2020-06-06,4室2厅,105, (共6层),20762
娄门,1,20.09,普通住宅,永林北区,高,0,0,107102640056,393,永林北区，5楼复式，双平江，带2汽车位，1电瓶车库_苏州姑苏娄门永林北区二手房(苏州链家),2020-06-07,5室3厅,200, (共5层),19650
苏州大学,2,34.84,普通住宅,新湘苑,高,0,0,107102640203,499,此房房东自住，采光充足  看房方便_苏州姑苏苏州大学新湘苑二手房(苏州链家),2020-06-07,5室3厅,177, (共6层),28193
胥江,0,0,普通住宅,姑香苑,低,0,0,107102640609,295,姑香苑 4室2厅 295万_苏州姑苏胥江姑香苑二手房(苏州链家),2020-06-07,4室2厅,110, (共6层),26819
沧浪新城,2,16.92,普通住宅,友联二村,高,0,0,107102640682,230,友联二村 地铁口 自住精装四房 诚意出售_苏州姑苏沧浪新城友联二村二手房(苏州链家),2020-06-07,4室2厅,106.5, (共6层),21597
胥江,1,11.56,普通住宅,润达新村,高,0,0,107102644584,295,润达新村顶复 楼下115.17平楼上68平，带独立自行车库_苏州姑苏胥江润达新村二手房(苏州链家),2020-06-08,6室3厅,149.17, (共5层),19777
苏州大学,2,20.79,普通住宅,联相园,高,0,0,107102647940,515,带城 平江 5楼复式 南北双晒台 精装修 有汽车库_苏州姑苏苏州大学联相园二手房(苏州链家),2020-06-08,4室2厅,179, (共5层),28771
虎丘,0,0,普通住宅,虎阜花园西区,高,0,0,107102648584,320,此房满五年  带车库和自库 诚心出售_苏州姑苏虎丘虎阜花园西区二手房(苏州链家),2020-06-08,6室2厅,147, (共5层),21769
沧浪新城,0,0,普通住宅,长欣苑,高,0,0,107102649309,308,相当棒的顶楼复式，南北双露台。完全没有一点漏水_苏州姑苏沧浪新城长欣苑二手房(苏州链家),2020-06-09,4室2厅,127, (共5层),24252
南门,0,0,普通住宅,南华公寓,高,0,0,107102628542,189,近南环汇邻广场， 团结桥购物城 沃尔玛 ，配套齐全_苏州姑苏南门南华公寓二手房(苏州链家),2020-06-04,4室1厅,87, (共5层),21725
南门,2,11.64,普通住宅,金狮小区,高,0,0,107102583625,413,顶楼复式，超满足客厅，可打斯诺克，干净简单装修，_苏州姑苏南门金狮小区二手房(苏州链家),2020-05-25,4室3厅,150.79, (共5层),27390
胥江,0,0,普通住宅,城市恬园,高,0,0,107102584218,540,城市恬园 7层电梯复式 楼上楼下使用面积280平 带露台_苏州姑苏胥江城市恬园二手房(苏州链家),2020-05-25,6室2厅,176, (共7层),30682
金阊新城,0,0,普通住宅,南山金城1958,低,0,0,107102587085,390,南山金城 洋房一楼 带大花园 通透户型 采光很好_苏州姑苏金阊新城南山金城1958二手房(苏州链家),2020-05-26,4室2厅,137.7, (共6层),28323
胥江,3,30.4,普通住宅,新康花园,高,0,0,107102587354,425,南北双露台带汽车库自行车库免费车位拎包入住诚心出售_苏州姑苏胥江新康花园二手房(苏州链家),2020-05-26,5室3厅,200, (共5层),21250
南门,2,13.219999999999999,普通住宅,南园,高,0,0,107102589171,279.8,房子满五唯一，精装复式，带晒台，诚心出售_苏州姑苏南门南园二手房(苏州链家),2020-05-27,4室2厅,87.54, (共6层),31963
娄门,1,9.37,普通住宅,塘坊苑,高,0,0,107102590050,255,塘坊苑，精装修4房朝南，15平北晒台，车库12平方_苏州姑苏娄门塘坊苑二手房(苏州链家),2020-05-27,4室2厅,104.49, (共5层),24405
桃花坞,1,4.25,普通住宅,曹家巷,低,0,0,107102592166,350,东中市 景范 2002年小区 精装修 三楼复式 看房预约_苏州姑苏桃花坞曹家巷二手房(苏州链家),2020-05-27,4室2厅,97.73, (共3层),35813
留园西园,0,0,别墅,丽景花苑,低,0,0,107102593469,640,丽景花苑 5室2厅 640万_苏州姑苏留园西园丽景花苑二手房(苏州链家),2020-05-28,5室2厅,213, (共1层),30047
南门,1,25.24,普通住宅,华侨公寓（姑苏区）,高,0,0,107102594052,610,姑苏南门 华侨公寓 4楼复式 三开间朝南 带汽车库_苏州姑苏南门华侨公寓（姑苏区）二手房(苏州链家),2020-05-28,4室3厅,216.8, (共4层),28137
沧浪新城,2,24.28,普通住宅,友联一村,高,0,0,107102597826,209,精装复式，五房两厅两卫，有独立自行车库，有汽车位！_苏州姑苏沧浪新城友联一村二手房(苏州链家),2020-05-29,5室2厅,147, (共5层),14218
平江新城,1,21.36,普通住宅,汇翠花园,高,0,0,107102598279,350,汇翠花园 楼下大三室  南北露台 草桥 平江_苏州姑苏平江新城汇翠花园二手房(苏州链家),2020-05-29,4室3厅,175.82, (共6层),19907
胥江,0,0,普通住宅,胥虹苑,高,0,0,107102602644,310,胥虹苑顶楼复式精装修业主自住保养好5房3厅3卫带独库_苏州姑苏胥江胥虹苑二手房(苏州链家),2020-05-30,5室3厅,114.71, (共6层),27025
金门,0,0,普通住宅,馨泓花园B区,低,0,0,107102603986,410,馨泓花园 一二楼复式  带汽车库 采光无遮挡_苏州姑苏金门馨泓花园B区二手房(苏州链家),2020-05-30,4室2厅,162, (共5层),25309
南门,1,11.2,普通住宅,盘门雅苑,高,0,0,107102604159,373,2007年商品房；产证面积173全体现；价格包含汽车库_苏州姑苏南门盘门雅苑二手房(苏州链家),2020-05-30,4室2厅,173.3, (共5层),21524
南门,2,25.08,普通住宅,西二路散盘,高,0,0,107102606469,260,总价低，地段好，交通方便 小区环境好，配套完善_苏州姑苏南门西二路散盘二手房(苏州链家),2020-05-31,4室2厅,131.25, (共4层),19810
平江新城,2,16.919999999999998,普通住宅,橘子国花园,高,0,0,107102607032,545,精装，满五，无遮挡采光好，交通便利。_苏州姑苏平江新城橘子国花园二手房(苏州链家),2020-05-31,4室2厅,159.88, (共5层),34089
苏州大学,3,27.37,普通住宅,相门后庄12号,高,0,0,107102607162,270,四房 楼上楼下层高都一样 共3个大露台 看房有钥匙_苏州姑苏苏州大学相门后庄12号二手房(苏州链家),2020-05-31,4室2厅,134, (共6层),20150
胥江,3,34.8,普通住宅,桐馨苑,高,0,0,107102607447,215,二号线地铁口，大四房自住精装看房方便！_苏州姑苏胥江桐馨苑二手房(苏州链家),2020-05-31,4室2厅,157, (共6层),13695
平江新城,0,0,普通住宅,中梁天御三区,高,0,0,107102608081,610,中梁天御三区 4室2厅 610万_苏州姑苏平江新城中梁天御三区二手房(苏州链家),2020-05-31,4室2厅,129.56, (共6层),47083
平江新城,0,0,普通住宅,新天地家园北区,高,0,0,107102608914,355,新天地家园北区  经典大户 刚需 改善_苏州姑苏平江新城新天地家园北区二手房(苏州链家),2020-05-31,5室2厅,200, (共5层),17750
桃花坞,2,24.34,普通住宅,东百花巷,低,0,0,107102609690,390,出脚方便 闹中取静  自住精装， 通风好 带独立车库。_苏州姑苏桃花坞东百花巷二手房(苏州链家),2020-05-31,4室2厅,120, (共3层),32500
娄门,1,15.4,普通住宅,永林新村,高,0,0,107102612063,450,此房位置好，采光无遮拦，交通便利，出行方便！_苏州姑苏娄门永林新村二手房(苏州链家),2020-06-01,5室2厅,201.78, (共6层),22302
沧浪新城,1,12.7,普通住宅,水香六村,高,0,0,107102614041,275,多层4楼 满两年 全明户型 户型好 格局好_苏州姑苏沧浪新城水香六村二手房(苏州链家),2020-06-01,4室3厅,100, (共6层),27500
苏州大学,1,15.38,普通住宅,新湘苑,高,0,0,107102614379,408,新湘苑精装复式149.27。含汽车库前排无遮挡，视野开阔_苏州姑苏苏州大学新湘苑二手房(苏州链家),2020-06-01,4室3厅,149.27, (共6层),27334
金阊新城,0,0,普通住宅,富强新苑二区,高,0,0,107102618456,288,此房产证满2年，使用面积大，自住装修，分了两户_苏州姑苏金阊新城富强新苑二区二手房(苏州链家),2020-06-02,5室2厅,187.96, (共5层),15323
平江路,2,22.46,普通住宅,富乡小区,高,0,0,107102619222,370,平江实小本部，自住精装修，五楼复式业主诚意出售_苏州姑苏平江路富乡小区二手房(苏州链家),2020-06-02,4室2厅,150.3, (共5层),24618
胥江,1,17.11,普通住宅,胥江路136号,高,1,7.79,107102619290,234,胥江路136号复式 满五年 通透户型 采光十足_苏州姑苏胥江胥江路136号二手房(苏州链家),2020-06-02,5室2厅,87.32, (共6层),26798
金阊新城,0,0,普通住宅,宝邻苑,高,0,0,107102622008,182,宝邻苑 满5唯一 带阁楼 采光好 配套齐全 使用面积高_苏州姑苏金阊新城宝邻苑二手房(苏州链家),2020-06-03,4室2厅,71, (共6层),25634
平江新城,0,0,普通住宅,苏锦一村,高,0,0,107102626504,345,苏锦一村 顶楼复式95加20  阁楼单独大门  满五不唯一_苏州姑苏平江新城苏锦一村二手房(苏州链家),2020-06-04,5室3厅,115, (共6层),30000
胥江,1,15.68,普通住宅,新康花园,高,0,0,107102581206,275,新康花园兰雪苑 居中位置 产证面积158.23平带大露台_苏州姑苏胥江新康花园二手房(苏州链家),2020-05-25,4室2厅,158.23, (共6层),17380
留园西园,1,13.94,普通住宅,新庄二村,高,0,0,107102547965,180,新庄二村顶楼复式，有个大楼台，得房率高_苏州姑苏留园西园新庄二村二手房(苏州链家),2020-05-18,4室2厅,99, (共5层),18182
胥江,1,7.68,普通住宅,东方苑（胥江）,高,0,0,107102551454,338,东方苑 胥江路，地铁口，精装，_苏州姑苏胥江东方苑（胥江）二手房(苏州链家),2020-05-19,5室2厅,180, (共6层),18778
十全街,1,9.62,普通住宅,醋库巷散盘,低,0,0,107102551473,490,十全街凤凰街 平直+振华 醋库巷56号 2楼复式随时看_苏州姑苏十全街醋库巷散盘二手房(苏州链家),2020-05-19,4室2厅,108, (共2层),45371
观前街,0,0,普通住宅,祥符寺巷散盘,高,0,0,107102552197,480,标准的户型，正气，景范，敬文，闹中取静，出行方便_苏州姑苏观前街祥符寺巷散盘二手房(苏州链家),2020-05-19,5室2厅,165, (共4层),29091
南门,0,0,普通住宅,桂花新村,低,0,0,107102554140,550,精装 4房 边套户型 满5年 税少_苏州姑苏南门桂花新村二手房(苏州链家),2020-05-19,4室2厅,128.13, (共3层),42926
虎丘,2,43.26,别墅,现代美墅,低,1,30.02,107102554667,800,联排大别墅 使用面积大 满五唯一 精装带电梯_苏州姑苏虎丘现代美墅二手房(苏州链家),2020-05-20,6室3厅,234.08, (共1层),34177
南门,0,0,普通住宅,西二路散盘,高,0,0,107102556432,226,总价低，地段好，交通方便 小区环境好，配套完善_苏州姑苏南门西二路散盘二手房(苏州链家),2020-05-20,5室2厅,130, (共5层),17385
沧浪新城,1,13.06,普通住宅,水香六村,高,0,0,107102558139,308,精装复式，三房朝南，厨房卫生间带窗，楼上南北晒台_苏州姑苏沧浪新城水香六村二手房(苏州链家),2020-05-20,4室2厅,190, (共5层),16211
胥江,2,15.27,普通住宅,劳动路550号,高,0,0,107102560033,245,满五年，近地铁，复式利用空间大_苏州姑苏胥江劳动路550号二手房(苏州链家),2020-05-21,4室2厅,124.15, (共5层),19735
桃花坞,0,0,别墅,桃坞巷,低,0,0,107102561572,2000,纯别墅小区，配套齐全，唐寅故居对·面，精装联排_苏州姑苏桃花坞桃坞巷二手房(苏州链家),2020-05-21,5室2厅,399, (共3层),50126
齐门,0,0,别墅,华润平门府,低,3,59.14000000000001,107102561779,1820,纯别墅小区，住户素质高，大花园，视野开阔_苏州姑苏齐门华润平门府二手房(苏州链家),2020-05-21,5室3厅,466, (共3层),39056
胥江,0,0,普通住宅,三香福郡,低,0,0,107102563942,498,房子户型好 面积大 装修好 环境优美_苏州姑苏胥江三香福郡二手房(苏州链家),2020-05-21,4室2厅,172.3, (共5层),28904
金阊新城,1,3.32,普通住宅,富强新苑二区,高,0,0,107102566639,210,富强新苑二区，采光好，户型正气，可随时看房_苏州姑苏金阊新城富强新苑二区二手房(苏州链家),2020-05-22,4室2厅,120, (共5层),17500
南门,0,0,普通住宅,玉兰新村,高,0,0,107102567867,350,玉兰新村新上，顶复，位置好户型好，业主诚售_苏州姑苏南门玉兰新村二手房(苏州链家),2020-05-22,4室2厅,78.27, (共6层),44718
南门,3,32.059999999999995,普通住宅,盘溪新村上沙苑,高,0,0,107102568141,328,盘溪新村上沙苑，中间位置，品质房源。_苏州姑苏南门盘溪新村上沙苑二手房(苏州链家),2020-05-22,4室2厅,151.74, (共4层),21616
平江新城,0,0,普通住宅,当代万国府MOMΛ,低,1,110.07,107102568269,830,叠加别墅，下叠边户，院子大，纯毛坯可随意装修_苏州姑苏平江新城当代万国府MOMΛ二手房(苏州链家),2020-05-22,4室2厅,202, (共6层),41090
南门,0,0,别墅,华侨公寓（姑苏区）,低,0,0,107102570387,830,华侨公寓（姑苏区） 4室2厅 830万_苏州姑苏南门华侨公寓（姑苏区）二手房(苏州链家),2020-05-23,4室2厅,258, (共1层),32171
南门,0,0,普通住宅,南门新村,高,0,0,107102570577,340,南门新村 4楼复式 平直实小 精装修 带车库房龄新_苏州姑苏南门南门新村二手房(苏州链家),2020-05-23,5室2厅,98, (共4层),34694
平江新城,2,46.69,普通住宅,当代万国府MOMΛ,高,0,0,107102570682,700,上叠带露台 纯毛坯 可塑性强 房东诚意出售_苏州姑苏平江新城当代万国府MOMΛ二手房(苏州链家),2020-05-23,4室2厅,134.56, (共6层),52022
留园西园,1,8.18,普通住宅,清塘新村,高,0,0,107102574127,180,顶楼复式四房，户型正气，带汽车独库_苏州姑苏留园西园清塘新村二手房(苏州链家),2020-05-23,4室2厅,110, (共5层),16364
沧浪新城,2,17.98,普通住宅,福星小区,高,0,0,107102576363,360,此房满五年，楼层好，视野开阔，四楼复式_苏州姑苏沧浪新城福星小区二手房(苏州链家),2020-05-24,4室2厅,166.76, (共4层),21588
留园西园,1,16.62,普通住宅,御庭苑,高,0,0,107102577336,320,御庭苑 品质小区 精装修  价格便宜 适合居住_苏州姑苏留园西园御庭苑二手房(苏州链家),2020-05-24,4室2厅,132, (共5层),24243
沧浪新城,1,7.74,普通住宅,水香六村,高,0,0,107102577999,239,水香，复式楼层，自住装修，出行方便，诚心出售_苏州姑苏沧浪新城水香六村二手房(苏州链家),2020-05-24,4室2厅,114.73, (共5层),20832
葑门,0,0,普通住宅,新里河新村,高,0,0,107102578716,395,复式250平前后大花园未体现vr解说 都按老里河小区说的_苏州姑苏葑门新里河新村二手房(苏州链家),2020-05-24,5室3厅,125.48, (共5层),31480
平江新城,1,3.7,普通住宅,梅花新村,高,0,0,107102579821,260,新上！复式大六房！一家人住！业主诚售！看房随时！_苏州姑苏平江新城梅花新村二手房(苏州链家),2020-05-25,6室2厅,135, (共6层),19260
齐门,1,13.17,普通住宅,平齐花苑,高,0,0,107102580241,410,护城河边，平齐花苑，四楼复式，南北通气，平江。_苏州姑苏齐门平齐花苑二手房(苏州链家),2020-05-25,4室3厅,172, (共4层),23838
苏州大学,0,0,别墅,万科长风别墅,低,0,0,107102580332,1700,万科长风 联排别墅 纯毛坯 随意装修 看房有钥匙_苏州姑苏苏州大学万科长风别墅二手房(苏州链家),2020-05-25,4室2厅,304.7, (共3层),55793
平江新城,1,13.15,普通住宅,汇翠花园,高,0,0,107102581067,336,房型方正，使用面积较大，视野开阔_苏州姑苏平江新城汇翠花园二手房(苏州链家),2020-05-25,4室2厅,156, (共5层),21539
留园西园,1,6.18,普通住宅,冠云花园,高,0,0,107102581138,289,户型正气，采光充足带阁楼  业主自住装修 带南北露台_苏州姑苏留园西园冠云花园二手房(苏州链家),2020-05-25,4室2厅,190, (共5层),15211
胥江,1,17.74,普通住宅,银桥新村,高,0,0,107102544980,335,红房子四楼复式，带晒台，带汽车库，有钥匙，诚心出售_苏州姑苏胥江银桥新村二手房(苏州链家),2020-05-17,4室3厅,146, (共4层),22946
胥江,0,0,普通住宅,梅亭苑,高,0,0,107102515970,210,可拎包入住的四房二卫顶复 低单价低总价_苏州姑苏胥江梅亭苑二手房(苏州链家),2020-05-11,4室3厅,132.93, (共5层),15798
金门,0,0,普通住宅,干将西路1301号,低,0,0,107102516293,360,干将西路1301号  沿街商铺 房东诚心出售！_苏州姑苏金门干将西路1301号二手房(苏州链家),2020-05-11,4室2厅,144.58, (共7层),24900
留园西园,0,0,普通住宅,鑫苑景园,低,1,38.74,107102518254,360,鑫苑景园一楼南边带院子，精装修自住保养好，采光好_苏州姑苏留园西园鑫苑景园二手房(苏州链家),2020-05-11,4室2厅,129, (共6层),27907
金阊新城,0,0,普通住宅,宝邻苑,高,0,0,107102518458,175,此房满五年，房东诚心出售，带独立车库_苏州姑苏金阊新城宝邻苑二手房(苏州链家),2020-05-12,4室2厅,71, (共6层),24648
虎丘,1,6.21,普通住宅,虎阜花园东区,高,0,0,107102518910,310,虎阜花园东区 四楼复式 精装修 房东自住 满2年_苏州姑苏虎丘虎阜花园东区二手房(苏州链家),2020-05-12,4室2厅,121, (共4层),25620
桃花坞,0,0,普通住宅,贻德里,低,0,0,107102519151,145,房卡房 独门户 自住装修 出脚方便_苏州姑苏桃花坞贻德里二手房(苏州链家),2020-05-12,4室1厅,74.31, (共2层),19513
南门,2,21.63,普通住宅,盘福苑,高,0,0,107102519217,330,盘福苑 4室2厅 330万_苏州姑苏南门盘福苑二手房(苏州链家),2020-05-12,4室2厅,119, (共5层),27732
沧浪新城,1,12.08,普通住宅,承信小区,高,0,0,107102520152,388.5,满五，带独库，空间大楼层好，采光刺眼_苏州姑苏沧浪新城承信小区二手房(苏州链家),2020-05-12,5室2厅,190, (共4层),20448
苏州大学,1,6.7,普通住宅,干将东路散盘,高,0,0,107102522300,485,此房满五唯一，采光充足视野宽阔配套设施齐全交通便利_苏州姑苏苏州大学干将东路散盘二手房(苏州链家),2020-05-13,5室3厅,181.84, (共5层),26672
留园西园,0,0,别墅,世家留园,低,0,0,107102523527,950,世家留园 联排大别墅 南进门·花园45平_苏州姑苏留园西园世家留园二手房(苏州链家),2020-05-13,5室2厅,234, (共1层),40599
十全街,0,0,普通住宅,网师巷散盘,低,0,0,107102524647,950,网师巷里 月到风来亭 十全街左 看松读画轩_苏州姑苏十全街网师巷散盘二手房(苏州链家),2020-05-13,4室3厅,175.69, (共3层),54073
胥江,0,0,普通住宅,胥馨家园,高,0,0,107102525654,480,复式好房，楼上楼下两层，互不影响，房东诚心出售。_苏州姑苏胥江胥馨家园二手房(苏州链家),2020-05-13,5室4厅,240, (共5层),20000
南门,1,17.26,普通住宅,南环花苑,高,0,0,107102526013,300,南环菜场旁南环花苑五楼顶复2000年房龄超大汽车库_苏州姑苏南门南环花苑二手房(苏州链家),2020-05-13,4室2厅,120, (共5层),25000
胥江,1,7.57,普通住宅,胥江路136号,高,0,0,107102526133,236,胥江路136号 五楼复式80+40平 有汽车库_苏州姑苏胥江胥江路136号二手房(苏州链家),2020-05-13,4室3厅,120, (共6层),19667
留园西园,0,0,别墅,长盛花园,低,0,0,107102526754,829.6,姑苏区经典双拼别墅、三面围绕大花园 总高三层带车库_苏州姑苏留园西园长盛花园二手房(苏州链家),2020-05-14,5室2厅,250, (共1层),33184
十全街,0,0,普通住宅,吴衙场散盘,低,1,34.28,107102527817,1100,吴衙场一套一楼带院子两层含4张房卡的房子出售_苏州姑苏十全街吴衙场散盘二手房(苏州链家),2020-05-14,6室2厅,193.27, (共2层),56916
平江新城,1,8.8,普通住宅,梅花新村,高,0,0,107102530660,200,梅花新顶复，装修好保养佳，小区中间位置，看房随时_苏州姑苏平江新城梅花新村二手房(苏州链家),2020-05-14,4室1厅,114, (共6层),17544
金门,1,9.02,普通住宅,新元二村,高,0,0,107102532298,326,自住精装5楼复式，客厅挑高采光通透 业主订房急售_苏州姑苏金门新元二村二手房(苏州链家),2020-05-15,5室2厅,184.08, (共5层),17710
十全街,0,0,普通住宅,东小桥弄散盘,低,1,10.13,107102533433,650,沧实 十梓街 出行方便 振华 有钥匙_苏州姑苏十全街东小桥弄散盘二手房(苏州链家),2020-05-15,4室3厅,235, (共6层),27660
平江新城,0,0,普通住宅,梅花三村,高,0,0,107102534056,200,此房满五年，顶楼复式，采光好，户型正气，全明户型_苏州姑苏平江新城梅花三村二手房(苏州链家),2020-05-15,4室2厅,98.86, (共5层),20231
平江新城,0,0,普通住宅,大观花园,高,0,0,107102537104,460,大观花园，三层复式，带汽车库。诚心出售。_苏州姑苏平江新城大观花园二手房(苏州链家),2020-05-16,5室3厅,202, (共5层),22773
平江新城,2,13.36,普通住宅,鼎尚花园(姑苏区),高,0,0,107102541215,255,鼎尚花园(姑苏区) 4室2厅 255万_苏州姑苏平江新城鼎尚花园(姑苏区)二手房(苏州链家),2020-05-17,4室2厅,110, (共5层),23182
金门,1,9.3,普通住宅,彩香二村,高,0,0,107102541525,276,彩香二村 户型方正  采光充足  生活配套设施齐全_苏州姑苏金门彩香二村二手房(苏州链家),2020-05-17,5室2厅,138, (共6层),20000
金阊新城,0,0,普通住宅,富强新苑一区,高,0,0,107102542682,210,精装 4房   富强大户   喜欢的可以看看_苏州姑苏金阊新城富强新苑一区二手房(苏州链家),2020-05-17,4室2厅,117, (共5层),17949
桃花坞,0,0,别墅,景苑小区,低,0,0,107102542786,816,联排别墅四层 精装修 自住保养好 有院子和汽车库_苏州姑苏桃花坞景苑小区二手房(苏州链家),2020-05-17,5室2厅,220, (共4层),37091
金门,0,0,普通住宅,彩香一村三区,低,0,0,107102543084,320,彩香一村三区 大户型  诚心出售 房龄狠新_苏州姑苏金门彩香一村三区二手房(苏州链家),2020-05-17,4室2厅,137.53, (共4层),23268
平江新城,0,0,普通住宅,官渎花园,高,0,0,107102543115,205,新上房源 房东诚心出售 配套齐全 观前街 万达广场_苏州姑苏平江新城官渎花园二手房(苏州链家),2020-05-17,4室2厅,81.72, (共5层),25086
十全街,0,0,普通住宅,木杏新村,低,0,0,107102544377,460,木杏新村3楼复式，楼上40平不体现，平直振华_苏州姑苏十全街木杏新村二手房(苏州链家),2020-05-17,4室2厅,104.41, (共3层),44058
桃花坞,0,0,普通住宅,高师巷散盘,低,0,0,107102544561,498,此房满五不唯一中式装修，位于东中市实小和景范中间_苏州姑苏桃花坞高师巷散盘二手房(苏州链家),2020-05-17,5室3厅,199, (共2层),25026
平江新城,0,0,普通住宅,平江风华,低,2,43.73,107102514883,720,平江风华，新小区，叠加别墅带地下室，南+北双花园。_苏州姑苏平江新城平江风华二手房(苏州链家),2020-05-11,4室2厅,210.62, (共6层),34185
留园西园,1,10.81,普通住宅,春馨园D区,高,0,0,107102483561,185,顶带阁楼 采光好 利用率高 视野宽阔_苏州姑苏留园西园春馨园D区二手房(苏州链家),2020-05-04,5室3厅,120, (共5层),15417
十全街,1,20.92,普通住宅,南石皮弄,低,0,0,107102484587,430,南石皮弄 5室2厅 430万_苏州姑苏十全街南石皮弄二手房(苏州链家),2020-05-05,5室2厅,160, (共2层),26875
娄门,0,0,普通住宅,永林新村,高,0,0,107102486108,450,急售！双平江！永林新村，菜市场旁边，位置好，带阁楼_苏州姑苏娄门永林新村二手房(苏州链家),2020-05-05,4室2厅,146.97, (共6层),30619
金门,0,0,普通住宅,彩香二村,低,1,15.6,107102487345,312,彩香大面积一楼带院子，看房方便_苏州姑苏金门彩香二村二手房(苏州链家),2020-05-05,4室2厅,119.1, (共6层),26197
金阊新城,0,0,普通住宅,宝邻苑,高,0,0,107102494069,255,金阊新城宝邻苑顶带阁好房出售中_苏州姑苏金阊新城宝邻苑二手房(苏州链家),2020-05-07,4室1厅,101, (共6层),25248
胥江,1,12.93,普通住宅,劳动路95号,高,0,0,107102495113,276,轻轨口劳动路95号精装修全明顶楼复式，带独库_苏州姑苏胥江劳动路95号二手房(苏州链家),2020-05-07,4室2厅,167.6, (共6层),16468
苏州大学,2,22.82,别墅,万科长风别墅,低,2,53.63,107102495224,1600,万科长风别墅  50平院子、2个车位_苏州姑苏苏州大学万科长风别墅二手房(苏州链家),2020-05-07,4室2厅,304.08, (共3层),52618
平江新城,0,0,普通住宅,新天地家园北区,高,0,0,107102495908,277,新天地家园北区   四房两卫  草桥 善耕_苏州姑苏平江新城新天地家园北区二手房(苏州链家),2020-05-07,4室2厅,106, (共4层),26133
桃花坞,1,7.97,普通住宅,桂和公寓,高,0,0,107102497161,310,养育巷 乐桥 顶层复式 带俩车位 20多平独立车库 急售_苏州姑苏桃花坞桂和公寓二手房(苏州链家),2020-05-07,4室2厅,149.09, (共5层),20793
南门,1,3.62,普通住宅,南华公寓,高,0,0,107102500152,258,05年新的南环公寓 5楼复式 带晒台 有独立车库_苏州姑苏南门南华公寓二手房(苏州链家),2020-05-08,5室2厅,127.24, (共5层),20277
南门,1,10.46,普通住宅,水城丽都,高,0,0,107102501459,438,团结桥地铁口 水城丽都 顶复 自住精装修 房东诚售_苏州姑苏南门水城丽都二手房(苏州链家),2020-05-08,4室2厅,167.09, (共5层),26214
金门,0,0,别墅,寒舍,低,0,0,107102501773,595,小区前排，花园大，南进门，总价低，业主诚心出售_苏州姑苏金门寒舍二手房(苏州链家),2020-05-08,4室3厅,223, (共3层),26682
胥江,0,0,普通住宅,金帝名园,低,0,0,107102503726,1020,金帝名园 人车分流 假山花园 环境优美 安静居家_苏州姑苏胥江金帝名园二手房(苏州链家),2020-05-09,4室4厅,309.8, (共4层),32925
娄门,1,13.88,普通住宅,永林二区,高,0,0,107102504900,330,2000房龄，五楼复式，户型方正，看房方便，提前约_苏州姑苏娄门永林二区二手房(苏州链家),2020-05-09,4室2厅,107.96, (共5层),30567
留园西园,1,7.36,普通住宅,倪家桥,高,0,0,107102505966,255,倪家桥 复式大四房 可住三代人 业主诚心出售_苏州姑苏留园西园倪家桥二手房(苏州链家),2020-05-09,4室2厅,148.18, (共5层),17209
胥江,1,8.76,普通住宅,解放新村,高,0,0,107102507238,340,解放新村2002年房龄 自住精装修 复式超大面积 大晒台_苏州姑苏胥江解放新村二手房(苏州链家),2020-05-09,5室2厅,180, (共6层),18889
十全街,0,0,普通住宅,木杏新村,低,0,0,107102508183,435,新上木杏新村养蚕里 单价 平直振华未用 优质房_苏州姑苏十全街木杏新村二手房(苏州链家),2020-05-10,4室2厅,122.39, (共3层),35543
齐门,0,0,别墅,华润平门府,低,0,0,107102508426,1280,华润平门府 品质小区 一到三层 一楼有房间  带电梯井_苏州姑苏齐门华润平门府二手房(苏州链家),2020-05-10,4室3厅,337, (共1层),37983
胥江,3,26.37,普通住宅,姑香苑,高,0,0,107102509664,344,姑香远三期五楼复式诚意出售带自车库，可拎包入住_苏州姑苏胥江姑香苑二手房(苏州链家),2020-05-10,4室3厅,188, (共6层),18298
金门,0,0,普通住宅,金之枫花园,高,0,0,107102509667,275,金之枫小面积顶复，精致装修，四房朝南，户型正气。_苏州姑苏金门金之枫花园二手房(苏州链家),2020-05-10,4室2厅,88, (共5层),31250
南门,0,0,别墅,桂花新村,低,1,73.09,107102510025,1360,古城区  双拼别墅房东移民诚心出售_苏州姑苏南门桂花新村二手房(苏州链家),2020-05-10,6室3厅,308, (共4层),44156
桃花坞,0,0,普通住宅,包衙前,低,0,0,107102510060,350,东中市+JIN范产权，使用面积大，楼上楼下两_苏州姑苏桃花坞包衙前二手房(苏州链家),2020-05-10,4室2厅,120, (共2层),29167
胥江,0,0,普通住宅,公园天下,高,0,0,107102510622,480,公园天下，5楼复式，客厅挑空的，自住装修，诚心出售_苏州姑苏胥江公园天下二手房(苏州链家),2020-05-10,5室2厅,240, (共5层),20000
苏州大学,0,0,普通住宅,苏大北小区,高,0,0,107102511793,350,姑苏河畔苏大北小区精装5楼复式精装带独立车库_苏州姑苏苏州大学苏大北小区二手房(苏州链家),2020-05-10,4室2厅,155, (共5层),22581
平江新城,1,4.45,普通住宅,苏锦一村,高,0,0,107102513100,358,苏锦一村 6室3厅 358万_苏州姑苏平江新城苏锦一村二手房(苏州链家),2020-05-10,6室3厅,169, (共6层),21184
娄门,1,10.77,普通住宅,塘坊苑,高,0,0,107102513460,260,精装复式 自住保养好 满五 环境优雅 购物方便_苏州姑苏娄门塘坊苑二手房(苏州链家),2020-05-11,4室1厅,115, (共5层),22609
平江新城,0,0,普通住宅,梅花新村,高,0,0,107102513685,190,房间都比较大适合 看房方便 好房_苏州姑苏平江新城梅花新村二手房(苏州链家),2020-05-11,5室2厅,85.5, (共6层),22223
十全街,1,6.24,普通住宅,锦沧花园,高,0,0,107102514825,595,锦沧花园复式，自行车库，汽车库（另算）_苏州姑苏十全街锦沧花园二手房(苏州链家),2020-05-11,5室2厅,160.32, (共5层),37114
葑门,0,0,别墅,冠南苑,低,0,0,107102514828,970,精装联排别墅，北进门，南花园，位置好，诚心出售_苏州姑苏葑门冠南苑二手房(苏州链家),2020-05-11,4室2厅,235, (共3层),41277
平江新城,1,3.98,普通住宅,大观花园,高,0,0,107102482839,442,急售！19年50万装修 复式 二楼三米层高  含汽车库23平_苏州姑苏平江新城大观花园二手房(苏州链家),2020-05-04,5室3厅,182, (共5层),24286
胥江,1,8.54,普通住宅,广大家园,高,0,0,107102430769,258,带独库 不靠高架 生活交通便利_苏州姑苏胥江广大家园二手房(苏州链家),2020-04-23,4室2厅,134.91, (共5层),19124
平江新城,2,25.01,普通住宅,苏锦一村,高,0,0,107102432606,445,苏锦一村 7室2厅 445万_苏州姑苏平江新城苏锦一村二手房(苏州链家),2020-04-23,7室2厅,185, (共5层),24055
齐门,1,9.6,别墅,华润平门府,低,1,90.13,107102434315,1350,三开间纯毛坯，地上2层 朝南大花园_苏州姑苏齐门华润平门府二手房(苏州链家),2020-04-24,4室3厅,337.58, (共3层),39991
胥江,1,17.75,普通住宅,新康花园,高,0,0,107102435187,315,新康顶复  带汽车库  配南北露台  看房方便_苏州姑苏胥江新康花园二手房(苏州链家),2020-04-24,5室3厅,113.85, (共6层),27668
苏州大学,0,0,普通住宅,东环路1165号,高,0,0,107102437068,460,东环沿线4楼大复式，配套齐全，含汽车库，自行车库。_苏州姑苏苏州大学东环路1165号二手房(苏州链家),2020-04-24,5室4厅,192.23, (共4层),23930
齐门,2,28.990000000000002,别墅,华润平门府,低,1,70.73,107102437549,1420,南开大院 中间位置，采光无遮挡，纯毛坯_苏州姑苏齐门华润平门府二手房(苏州链家),2020-04-24,4室3厅,362.19, (共2层),39206
南门,2,23.79,普通住宅,鼎泰花园,高,0,0,107102438999,585,鼎泰花园多层洋房，户型好，带独立大晒台。_苏州姑苏南门鼎泰花园二手房(苏州链家),2020-04-25,4室3厅,197.75, (共5层),29583
留园西园,0,0,普通住宅,新庄二村,低,2,27.32,107102442165,245,西环路  新庄新村旁 新庄二村 一楼带大花园 开门 急_苏州姑苏留园西园新庄二村二手房(苏州链家),2020-04-25,4室2厅,93, (共6层),26345
齐门,0,0,别墅,竹之苑,低,1,209.46,107102442669,1780,此房是房东自住的精装修 保养的不错 ，装修好_苏州姑苏齐门竹之苑二手房(苏州链家),2020-04-25,7室5厅,352, (共1层),50569
齐门,2,18.31,别墅,华润平门府,低,2,110.88,107102442814,1560,华润平门府，纯别墅小区，自住精装，房东诚心出售。_苏州姑苏齐门华润平门府二手房(苏州链家),2020-04-25,5室2厅,293, (共2层),53243
金门,0,0,普通住宅,新元二村,高,0,0,107102442863,320,金门路主干道复式大五房、视野采光好_苏州姑苏金门新元二村二手房(苏州链家),2020-04-25,5室3厅,174, (共5层),18391
金门,0,0,别墅,干将名邸,低,0,0,107102451425,1350,联排诚心出售，精装修，包含院子露台。_苏州姑苏金门干将名邸二手房(苏州链家),2020-04-27,4室3厅,341, (共3层),39590
留园西园,1,10.78,别墅,丽景花苑,低,1,61.18,107102452298,775,市区独栋别墅带院子，一楼有卧室，客厅大 ，视野开阔_苏州姑苏留园西园丽景花苑二手房(苏州链家),2020-04-27,6室1厅,250, (共1层),31000
南门,2,24.58,普通住宅,南环一村,低,0,0,107102452678,299.8,南环一村 4室2厅 299.8万_苏州姑苏南门南环一村二手房(苏州链家),2020-04-27,4室2厅,151.36, (共3层),19808
娄门,2,30.14,普通住宅,日规路1号,高,0,0,107102455062,255,房龄新 经典空中花园  满五年唯一住房_苏州姑苏娄门日规路1号二手房(苏州链家),2020-04-28,4室2厅,105, (共6层),24286
南门,2,14.61,普通住宅,东大街12号院,高,0,0,107102458361,235,此房满五年，复式，视野开阔，采光充足，实用空间大_苏州姑苏南门东大街12号院二手房(苏州链家),2020-04-29,4室3厅,83.73, (共5层),28067
平江新城,1,11.27,普通住宅,大观花园,高,0,0,107102459598,440,大观花园 5室3厅 440万_苏州姑苏平江新城大观花园二手房(苏州链家),2020-04-29,5室3厅,180, (共5层),24445
平江新城,1,13.25,普通住宅,苏江花园,高,0,0,107102459731,435,苏江花园 新上复式精装房开阔视野随时看房配套成熟_苏州姑苏平江新城苏江花园二手房(苏州链家),2020-04-29,5室2厅,196.85, (共5层),22099
沧浪新城,2,9.7,普通住宅,友联二村,高,0,0,107102463665,275,复式阁楼，全明户型，视野开阔采光充足，配套齐全。_苏州姑苏沧浪新城友联二村二手房(苏州链家),2020-04-30,4室2厅,88.3, (共5层),31144
苏州大学,1,11.55,普通住宅,庄先湾6号,高,0,0,107102464423,360,庄先湾6号 4室2厅 360万_苏州姑苏苏州大学庄先湾6号二手房(苏州链家),2020-04-30,4室2厅,120, (共6层),30000
金门,2,22.97,普通住宅,采香花园,高,0,0,107102470122,395,采香花园4L复式好房 6房3卫看房方便_苏州姑苏金门采香花园二手房(苏州链家),2020-05-02,6室2厅,119.5, (共4层),33055
十全街,0,0,普通住宅,相王路49号,低,0,0,107102471461,468,小区中间位置，相王路振华带城楼层好 诚心出售_苏州姑苏十全街相王路49号二手房(苏州链家),2020-05-02,4室2厅,126, (共3层),37143
胥江,1,2.68,普通住宅,梅亭苑,高,0,0,107102472053,219,梅亭苑精装顶楼复式带独库 看房方便_苏州姑苏胥江梅亭苑二手房(苏州链家),2020-05-02,4室2厅,132, (共5层),16591
金门,0,0,别墅,寒舍,低,0,0,107102472145,568,568万古城中式别墅小区里面带花园_苏州姑苏金门寒舍二手房(苏州链家),2020-05-02,4室2厅,200.8, (共3层),28287
留园西园,1,5.91,普通住宅,钱塘家园,高,0,0,107102473876,330,钱塘家园 4室2厅 330万_苏州姑苏留园西园钱塘家园二手房(苏州链家),2020-05-02,4室2厅,150, (共5层),22000
葑门,0,0,普通住宅,现代花园,高,0,0,107102476950,251,现代二期白房子 精装复式房 4朝南房间 全明户型 满5_苏州姑苏葑门现代花园二手房(苏州链家),2020-05-03,4室2厅,112, (共5层),22411
金阊新城,0,0,普通住宅,富强新苑二区,高,0,0,107102479204,268,富强新苑顶复包汽车库自行车库自住精装修满5唯一_苏州姑苏金阊新城富强新苑二区二手房(苏州链家),2020-05-04,5室2厅,189, (共5层),14180
南门,1,19.69,普通住宅,万丽花园,高,0,0,107102480809,708,超大复式，实用面积270+，含30平汽车库，两自行车库_苏州姑苏南门万丽花园二手房(苏州链家),2020-05-04,6室2厅,154.5, (共4层),45826
胥江,1,2.7,普通住宅,梅亭苑,高,0,0,107102482519,192,姑苏区梅亭苑小区，4房自住精装，保养好，可自做晒台_苏州姑苏胥江梅亭苑二手房(苏州链家),2020-05-04,4室2厅,96, (共5层),20000
留园西园,0,0,别墅,丽景花苑,低,0,0,107102430157,780,此房满五， 客厅 大 格局正气 装修好_苏州姑苏留园西园丽景花苑二手房(苏州链家),2020-04-23,6室3厅,250, (共1层),31200
胥江,0,0,普通住宅,梅亭苑,高,0,0,107102367757,210,四房朝南通透户型适合三代欢居一堂交通发达生活便捷_苏州姑苏胥江梅亭苑二手房(苏州链家),2020-04-10,4室2厅,132.67, (共5层),15829
胥江,0,0,普通住宅,胥江路136号,低,0,0,107102368984,249,护城河畔，近地铁，2000年房龄_苏州姑苏胥江胥江路136号二手房(苏州链家),2020-04-10,4室2厅,117, (共4层),21283
胥江,0,0,普通住宅,广大家园,高,0,0,107102369265,270,05年小区 广大家园 多层5楼复式_苏州姑苏胥江广大家园二手房(苏州链家),2020-04-10,4室2厅,122, (共6层),22132
十全街,2,18.93,普通住宅,网师花园,低,2,159.82,107102374111,1800,沧实振华 网师花园双拼 三层精装修 150平院子 汽车库_苏州姑苏十全街网师花园二手房(苏州链家),2020-04-11,5室3厅,260, (共1层),69231
平江新城,0,0,普通住宅,苏江花园,高,0,0,107102375926,375,新上复式精装房开阔视野随时看房配套成熟_苏州姑苏平江新城苏江花园二手房(苏州链家),2020-04-11,4室2厅,182, (共5层),20605
沧浪新城,1,16.65,普通住宅,福星小区,高,0,0,107102380893,320,此房实用面积大 精装修 有大的车库 采光良好_苏州姑苏沧浪新城福星小区二手房(苏州链家),2020-04-12,4室2厅,142, (共5层),22536
胥江,2,18.94,普通住宅,泰南苑,高,0,0,107102382637,278,泰南苑 五楼复式 全新现代化精装修 带车库车位_苏州姑苏胥江泰南苑二手房(苏州链家),2020-04-12,4室2厅,122, (共5层),22787
平江新城,1,21.06,普通住宅,新天地家园南区,高,0,0,107102383475,358,新天地家园低单价五室，业主诚售，户型好_苏州姑苏平江新城新天地家园南区二手房(苏州链家),2020-04-13,5室2厅,157.29, (共5层),22761
虎丘,2,12.7,普通住宅,虎阜花园东区,高,0,0,107102388957,306,此房高楼层，采光好，视野佳，诚意出售，看房随时_苏州姑苏虎丘虎阜花园东区二手房(苏州链家),2020-04-14,6室2厅,160, (共6层),19125
石路,0,0,普通住宅,凯旋花园,高,0,0,107102389157,400,百年石路 华贸在建 5楼复式 房东置换 忍痛割爱_苏州姑苏石路凯旋花园二手房(苏州链家),2020-04-14,5室2厅,164.22, (共5层),24358
苏州大学,1,14.77,普通住宅,新湘苑,高,0,0,107102391095,390,带一个汽车库，采光充足 ，楼上带个大晒台。_苏州姑苏苏州大学新湘苑二手房(苏州链家),2020-04-15,5室2厅,110.5, (共6层),35295
葑门,0,0,普通住宅,现代花园,高,0,0,107102391178,250,2006年第三期红色房子，带电瓶车车库，婚装_苏州姑苏葑门现代花园二手房(苏州链家),2020-04-15,4室2厅,97, (共5层),25774
胥江,0,0,普通住宅,新沧花园,低,1,35.61,107102391277,720,精装修保养较好，1-2楼楼中楼，房间多，适合三代同堂_苏州姑苏胥江新沧花园二手房(苏州链家),2020-04-15,4室2厅,281, (共3层),25623
苏州大学,1,9.16,普通住宅,庄先湾6号,高,0,0,107102391307,318,顶楼加阁楼，楼上楼下一样大，格局好，户型通透_苏州姑苏苏州大学庄先湾6号二手房(苏州链家),2020-04-15,4室2厅,66.96, (共6层),47492
平江新城,0,0,普通住宅,梅花三村,高,0,0,107102391728,228,梅花三村四室，户型方正，采光无遮挡，房主诚心出售。_苏州姑苏平江新城梅花三村二手房(苏州链家),2020-04-15,4室2厅,98.86, (共5层),23063
平江新城,0,0,普通住宅,官渎花园,高,0,0,107102393035,213,顶复好房，实用面积大，业主诚意出售_苏州姑苏平江新城官渎花园二手房(苏州链家),2020-04-15,4室2厅,109, (共5层),19542
胥江,2,30.22,普通住宅,新康花园,高,0,0,107102393084,392,4楼复式，带2个大露台。带车位和独库20平，领包入住_苏州姑苏胥江新康花园二手房(苏州链家),2020-04-15,5室2厅,183, (共4层),21421
平江新城,3,42.86,别墅,锦城别墅,低,1,40.17,107102395564,950,大独栋  格局好  免费停5部车 价格可谈_苏州姑苏平江新城锦城别墅二手房(苏州链家),2020-04-15,6室3厅,298.15, (共3层),31864
平江新城,0,0,普通住宅,中梁天御三区,低,2,83.11,107102397569,830,新挂牌小区中间位置叠加别墅毛坯交付咨询链J袁海青_苏州姑苏平江新城中梁天御三区二手房(苏州链家),2020-04-16,5室3厅,381.93, (共5层),21732
南门,1,14.26,普通住宅,南园南路25号,高,0,0,107102402800,350,此房顶楼复式，四房， 采光良好 格局优秀_苏州姑苏南门南园南路25号二手房(苏州链家),2020-04-17,4室2厅,90, (共6层),38889
葑门,1,5.57,别墅,冠南苑,低,2,55.54,107102402951,945,冠南苑中式联排别墅 精装诚心出售！_苏州姑苏葑门冠南苑二手房(苏州链家),2020-04-17,4室2厅,236.75, (共3层),39916
金阊新城,0,0,普通住宅,南山金城1958,低,2,72.3,107102405298,418,南山金城1958 4室2厅 418万_苏州姑苏金阊新城南山金城1958二手房(苏州链家),2020-04-17,4室2厅,141.7, (共6层),29499
苏州大学,3,48.84,普通住宅,东环路1199号,高,0,0,107102408096,470,空中叠加，满五年唯一，精装修，诚心出售_苏州姑苏苏州大学东环路1199号二手房(苏州链家),2020-04-18,4室2厅,239.7, (共4层),19608
娄门,0,0,普通住宅,永林北区,高,0,0,107102415077,309,5楼复式，实用面积170，三开间朝南，房龄新，有车位_苏州姑苏娄门永林北区二手房(苏州链家),2020-04-19,4室2厅,101.7, (共5层),30384
苏州大学,1,21.07,普通住宅,新湘苑,高,0,0,107102419795,490,新湘苑 4室3厅 490万_苏州姑苏苏州大学新湘苑二手房(苏州链家),2020-04-20,4室3厅,172, (共5层),28489
胥江,2,28.14,普通住宅,新康花园,高,0,0,107102420237,420,此房为新康花园复式户型正气业主自住精装修保养好_苏州姑苏胥江新康花园二手房(苏州链家),2020-04-20,5室2厅,200.38, (共5层),20961
苏州大学,1,32.45,普通住宅,莫邪路778号,高,0,0,107102424922,498.88,姑苏护城河畔 五楼复式六室＋大露台＋双车库_苏州姑苏苏州大学莫邪路778号二手房(苏州链家),2020-04-22,6室2厅,230.24, (共5层),21668
娄门,1,12.95,别墅,朗园,低,0,0,107102425203,850,朗园别墅三连排 清水毛坯 看房有钥匙_苏州姑苏娄门朗园二手房(苏州链家),2020-04-22,5室2厅,221, (共3层),38462
娄门,0,0,普通住宅,娄江新村(姑苏区),高,0,0,107102425426,238,护城河畔 顶楼复式 自住精装 满五唯一_苏州姑苏娄门娄江新村(姑苏区)二手房(苏州链家),2020-04-22,4室2厅,86.79, (共6层),27423
胥江,4,59.120000000000005,普通住宅,万科金品家园,高,0,0,107102364726,668,万科洋房少有户型，户型正气，全明户型有多个南北阳台_苏州姑苏胥江万科金品家园二手房(苏州链家),2020-04-09,4室2厅,193, (共4层),34612
虎丘,1,3.64,普通住宅,虎阜花园西区,高,0,0,107102295661,239,满五唯一税少，精装拎包入住，南北通透，实用面积大_苏州姑苏虎丘虎阜花园西区二手房(苏州链家),2020-03-25,4室2厅,99, (共5层),24142
平江新城,1,8.02,普通住宅,官渎花园,高,0,0,107102297079,215,官渡花园 精装4室 顶复 自住诚意出售_苏州姑苏平江新城官渎花园二手房(苏州链家),2020-03-25,4室2厅,88.52, (共5层),24289
胥江,2,54.78,普通住宅,三香福郡,高,0,0,107102301747,560,三香福郡5楼复式，楼上楼下共190平，房东全新精装修_苏州姑苏胥江三香福郡二手房(苏州链家),2020-03-26,4室3厅,190, (共5层),29474
沧浪新城,0,0,普通住宅,福星小区,高,0,0,107102308136,330,福星小区 五楼顶复 实用空间大 房东诚售_苏州姑苏沧浪新城福星小区二手房(苏州链家),2020-03-28,5室3厅,122, (共5层),27050
胥江,1,53.07,普通住宅,憩苑小区,高,0,0,107102309524,390,劳动路上 2004年房龄 带大晒台 有汽车库 四楼复式_苏州姑苏胥江憩苑小区二手房(苏州链家),2020-03-28,5室2厅,129.08, (共4层),30214
葑门,1,21.0,别墅,东街花苑,低,1,41.81,107102311802,660,新上 姑苏区 联排别墅 振华带城 大院子 房龄新_苏州姑苏葑门东街花苑二手房(苏州链家),2020-03-29,5室3厅,182, (共3层),36264
南门,0,0,普通住宅,化工新村,低,1,41.22,107102312448,376,顾美娟推荐：三开间朝南大院子   房东诚心出售_苏州姑苏南门化工新村二手房(苏州链家),2020-03-29,4室1厅,91.1, (共4层),41274
胥江,2,30.65,普通住宅,锦邻缘,高,0,0,107102312886,338,锦邻缘 5室3厅 338万_苏州姑苏胥江锦邻缘二手房(苏州链家),2020-03-29,5室3厅,180, (共5层),18778
桃花坞,0,0,别墅,桃坞巷,低,0,0,107102317729,920,纯别墅小区， 配套齐全 ，视野佳，优质物业。_苏州姑苏桃花坞桃坞巷二手房(苏州链家),2020-03-30,4室2厅,249.43, (共3层),36885
金门,0,0,普通住宅,银杏苑(姑苏区),高,0,0,107102320147,320,五室两厅一厨两卫业主诚心出售。。_苏州姑苏金门银杏苑(姑苏区)二手房(苏州链家),2020-03-30,5室2厅,170, (共5层),18824
金阊新城,0,0,普通住宅,富强新苑一区,高,0,0,107102323474,350,富强新苑一区 5室3厅 350万_苏州姑苏金阊新城富强新苑一区二手房(苏州链家),2020-03-31,5室3厅,189, (共5层),18519
留园西园,1,5.35,普通住宅,闻钟苑二区,高,0,0,107102323964,249.8,顶楼复式，带两个汽车位和一个10平的电动车库，精装修_苏州姑苏留园西园闻钟苑二区二手房(苏州链家),2020-04-01,4室2厅,163, (共6层),15326
南门,0,0,普通住宅,西二路散盘,高,0,0,107102325897,180,复式开门做成单户，上下面积均等。_苏州姑苏南门西二路散盘二手房(苏州链家),2020-04-01,5室3厅,85, (共5层),21177
沧浪新城,2,33.480000000000004,普通住宅,怡景万家,高,0,0,107102329171,555,沧浪新城之翼，稀有顶复，空中花园，大汽车库随时看房_苏州姑苏沧浪新城怡景万家二手房(苏州链家),2020-04-02,4室2厅,205.47, (共5层),27012
平江新城,1,11.81,普通住宅,大观花园,高,0,0,107102332211,440,小区中间位置，五居室，边户采光好_苏州姑苏平江新城大观花园二手房(苏州链家),2020-04-02,5室3厅,188, (共5层),23405
胥江,2,39.53,普通住宅,胥馨家园,高,0,0,107102334432,400,胥馨家园 胥江路 5楼复式 带晒台 价格可谈 独库21平_苏州姑苏胥江胥馨家园二手房(苏州链家),2020-04-03,5室2厅,196.68, (共5层),20338
留园西园,0,0,别墅,玖园,低,0,0,107102336039,750,市区联排 南北院子 四层联排 满两年有钥匙价可谈_苏州姑苏留园西园玖园二手房(苏州链家),2020-04-03,5室3厅,280, (共2层),26786
葑门,0,0,普通住宅,现代花园,高,0,0,107102341272,260,急售 欧尚 家乐福旁 2000年房龄 带独库_苏州姑苏葑门现代花园二手房(苏州链家),2020-04-04,5室1厅,150.8, (共5层),17242
南门,0,0,普通住宅,桂花新村,高,0,0,107102341338,582,桂花  复式 两个车库 三个阳光房  满五唯一 精装全明_苏州姑苏南门桂花新村二手房(苏州链家),2020-04-04,4室2厅,188, (共5层),30958
胥江,0,0,普通住宅,金桥新村,高,0,0,107102344209,265,胥江新村，顶楼复式，精装修可拎包入住_苏州姑苏胥江金桥新村二手房(苏州链家),2020-04-05,5室2厅,134, (共6层),19777
金阊新城,0,0,普通住宅,富强新苑二区,高,0,0,107102345181,255,此房满五，业主自住，安静宜居，出行方便，采光好_苏州姑苏金阊新城富强新苑二区二手房(苏州链家),2020-04-05,4室2厅,153, (共5层),16667
南门,2,36.3,普通住宅,桂花新村,高,0,0,107102348518,630,桂花新村 精装修 全明通透户型 诚售 四楼复式有汽车位_苏州姑苏南门桂花新村二手房(苏州链家),2020-04-06,6室3厅,169.72, (共4层),37120
齐门,0,0,别墅,晋府水巷别墅,低,0,0,107102351938,1600,次新小区 联排别墅前后庭院 顶楼后盖了一层多出100平_苏州姑苏齐门晋府水巷别墅二手房(苏州链家),2020-04-06,9室3厅,366.2, (共3层),43692
平江新城,1,12.89,普通住宅,汇翠花园,高,0,0,107102352262,325,此房楼间距大，中间楼层。采光没问题，户型正气，_苏州姑苏平江新城汇翠花园二手房(苏州链家),2020-04-06,4室2厅,154, (共5层),21104
平江新城,2,47.699999999999996,普通住宅,橘子国花园,高,0,0,107102358168,640,空中别墅，在小区里独具一格。房主诚心出售，价格可谈_苏州姑苏平江新城橘子国花园二手房(苏州链家),2020-04-08,6室2厅,212, (共5层),30189
留园西园,0,0,普通住宅,缘园小区,高,0,0,107102360010,238,4房朝南独立两户外楼梯 采光全天照晒全明户型_苏州姑苏留园西园缘园小区二手房(苏州链家),2020-04-08,4室3厅,131.36, (共5层),18119
平江新城,0,0,普通住宅,苏江花园,高,0,0,107102361116,256,满五唯一，精装修，拎包入住，价格可谈_苏州姑苏平江新城苏江花园二手房(苏州链家),2020-04-08,4室2厅,118.4, (共5层),21622
虎丘,1,8.33,普通住宅,虎阜花园西区,高,0,0,107102362015,385,大复式，适合三代人居住，精装修，自住。满五年_苏州姑苏虎丘虎阜花园西区二手房(苏州链家),2020-04-09,6室2厅,189, (共5层),20371
留园西园,2,12.39,普通住宅,嘉业阳光城,高,0,0,107102363596,340,采光好，顶带阁，大面积住房，通透全明户型_苏州姑苏留园西园嘉业阳光城二手房(苏州链家),2020-04-09,4室3厅,189.5, (共5层),17942
南门,1,14.07,普通住宅,南华公寓,高,0,0,107102295187,399,复式三卫，满五唯一，适合一家人居住，环境好居住舒适_苏州姑苏南门南华公寓二手房(苏州链家),2020-03-25,5室3厅,200, (共5层),19950
娄门,2,10.25,普通住宅,永林二区,高,0,0,107102228664,345,新永林二区商品房复式好房带汽车库_苏州姑苏娄门永林二区二手房(苏州链家),2020-03-08,4室2厅,118.05, (共5层),29225
金门,1,18.4,普通住宅,银泰花园一期,高,0,0,107102229123,388,新上银泰花园顶层复式，业主诚心出售看房方便。_苏州姑苏金门银泰花园一期二手房(苏州链家),2020-03-08,5室1厅,192, (共5层),20209
平江新城,0,0,普通住宅,当代万国府MOMΛ,低,2,87.62,107102233299,780,当代万国府，第二排小区中间，可等满两年过户，有钥匙_苏州姑苏平江新城当代万国府MOMΛ二手房(苏州链家),2020-03-10,4室3厅,192.66, (共6层),40486
石路,1,15.22,商住两用,金阊大厦,高,0,0,107102241935,260,金阊大厦 5室3厅 260万_苏州姑苏石路金阊大厦二手房(苏州链家),2020-03-12,5室3厅,128, (共6层),20313
胥江,1,13.96,普通住宅,新康花园,高,0,0,107102244260,288,新康花园二期  复式 有独库 有钥匙看房方便_苏州姑苏胥江新康花园二手房(苏州链家),2020-03-13,5室2厅,168.94, (共6层),17048
金门,0,0,别墅,寒舍,低,0,0,107102246026,534.6,寒舍 4室2厅 534.6万_苏州姑苏金门寒舍二手房(苏州链家),2020-03-13,4室2厅,202.66, (共3层),26380
虎丘,0,0,普通住宅,虎阜花园西区,高,0,0,107102247651,258.5,虎阜花园西区 经典四房 顶带阁 改善住房_苏州姑苏虎丘虎阜花园西区二手房(苏州链家),2020-03-14,4室2厅,120, (共5层),21542
胥江,1,12.97,普通住宅,金桥新村,高,0,0,107102249959,238,金桥新村 满五唯一 带车位 车库  带露台 拎包入住_苏州姑苏胥江金桥新村二手房(苏州链家),2020-03-14,4室2厅,156, (共6层),15257
南门,0,0,普通住宅,南园花苑,低,0,0,107102252396,408,南园花苑，2000房龄，振华三房，自行车库，两个车位_苏州姑苏南门南园花苑二手房(苏州链家),2020-03-15,4室2厅,119.25, (共5层),34214
胥江,0,0,普通住宅,新康花园,高,0,0,107102253122,266,新康花园 顶楼复式 业主诚心急售_苏州姑苏胥江新康花园二手房(苏州链家),2020-03-15,5室2厅,140, (共6层),19000
胥江,0,0,普通住宅,锦邻缘,高,0,0,107102254358,267,新上锦邻缘，五楼带阁楼，四房两厅精装修_苏州姑苏胥江锦邻缘二手房(苏州链家),2020-03-15,4室2厅,99.27, (共5层),26897
留园西园,0,0,别墅,嘉业阳光城,低,0,0,107102256325,699,姑苏西园 新庄立交 联排别墅 诚意出售！_苏州姑苏留园西园嘉业阳光城二手房(苏州链家),2020-03-16,5室3厅,252, (共1层),27739
胥江,1,9.79,普通住宅,梅亭苑,高,0,0,107102258072,235,得房率高，自行车库15平米，看房方便_苏州姑苏胥江梅亭苑二手房(苏州链家),2020-03-16,4室2厅,102, (共5层),23040
平江新城,0,0,普通住宅,梅花新村,高,0,0,107102259645,320,在建地铁口旁，很实用的大六房，低单价，拎包入住_苏州姑苏平江新城梅花新村二手房(苏州链家),2020-03-16,6室2厅,151, (共6层),21193
平江新城,1,15.78,普通住宅,天筑家园南区,高,0,0,107102262731,548,天筑家园超大复式，精装5房，位置好.诚心出售~_苏州姑苏平江新城天筑家园南区二手房(苏州链家),2020-03-17,5室3厅,220, (共5层),24910
留园西园,1,12.0,别墅,丽景花苑,低,1,50.4,107102266423,780,古城区独栋别墅自住装修带车库带大院子_苏州姑苏留园西园丽景花苑二手房(苏州链家),2020-03-18,5室3厅,250, (共1层),31200
胥江,2,47.83,普通住宅,胥馨家园,高,0,0,107102273595,445.8,胥江路 胥馨家园 4楼复 精装五居室 独立自行车库！_苏州姑苏胥江胥馨家园二手房(苏州链家),2020-03-20,5室2厅,216.88, (共4层),20556
平江新城,1,11.31,普通住宅,大观花园,高,0,0,107102274658,420,南北通透，改善型，交通、娱乐、学 校都很好_苏州姑苏平江新城大观花园二手房(苏州链家),2020-03-20,5室2厅,160, (共5层),26250
平江新城,2,14.850000000000001,普通住宅,大观花园北区,高,0,0,107102278774,428,大观花园满五 ，精装修，两房朝南，交通方便_苏州姑苏平江新城大观花园北区二手房(苏州链家),2020-03-21,4室2厅,150, (共5层),28534
平江新城,1,9.75,普通住宅,大观花园,高,0,0,107102280068,455,大观花园，136平+70平+汽车库28平+大露台，诚心急售_苏州姑苏平江新城大观花园二手房(苏州链家),2020-03-21,5室2厅,206, (共5层),22088
平江新城,0,0,别墅,中梁天御三区,低,0,0,107102281811,1178,品质小区 低密度住宅  新上别墅 带160平大院子_苏州姑苏平江新城中梁天御三区二手房(苏州链家),2020-03-22,5室3厅,404.62, (共2层),29114
南门,2,26.759999999999998,普通住宅,盘溪新村上沙苑,高,0,0,107102282694,298,满五唯一，经典复式，四房朝南，采光充足，交通便利。_苏州姑苏南门盘溪新村上沙苑二手房(苏州链家),2020-03-22,4室2厅,149.1, (共5层),19987
娄门,1,10.45,普通住宅,永林二区,高,0,0,107102285903,310,永林二区，婚房装修，顶楼复式，楼上楼下一样大_苏州姑苏娄门永林二区二手房(苏州链家),2020-03-23,4室2厅,110, (共6层),28182
平江新城,3,19.71,普通住宅,苏锦一村,高,0,0,107102285989,320,苏锦一村 顶楼复式 中等装修 看房方便 业主诚心出售_苏州姑苏平江新城苏锦一村二手房(苏州链家),2020-03-23,5室3厅,148.07, (共5层),21612
金门,0,0,别墅,寒舍,低,0,0,107102287344,660,姑苏城外寒舍精装别墅业主诚心出售_苏州姑苏金门寒舍二手房(苏州链家),2020-03-23,4室2厅,223, (共3层),29597
留园西园,0,0,别墅,嘉业阳光城,低,0,0,107102288248,630,嘉业阳光城联排别墅230平，院子25平左右，630万_苏州姑苏留园西园嘉业阳光城二手房(苏州链家),2020-03-23,5室3厅,230, (共1层),27392
平江新城,0,0,普通住宅,新天地家园北区,高,0,0,107102288512,326,房东诚心卖房，有钥匙，看房方便。_苏州姑苏平江新城新天地家园北区二手房(苏州链家),2020-03-23,5室2厅,128, (共4层),25469
胥江,2,32.3,普通住宅,小施家弄22号,高,0,0,107102290415,335,业主自住精装修四楼复式，前后带大露台 彩光好通透_苏州姑苏胥江小施家弄22号二手房(苏州链家),2020-03-24,4室2厅,147, (共4层),22790
葑门,0,0,普通住宅,现代花园,高,0,0,107102292004,252,现代花园精装复式，4房两卫，家具家电齐全_苏州姑苏葑门现代花园二手房(苏州链家),2020-03-24,4室2厅,101, (共5层),24951
石路,1,7.78,普通住宅,红菱花苑,高,0,0,107102225508,369,红菱花苑5五楼复式。自住装修，附带车位一个。_苏州姑苏石路红菱花苑二手房(苏州链家),2020-03-07,6室3厅,183, (共5层),20164
金门,0,0,普通住宅,宝城小区,高,0,0,107102127564,328,宝城小区 姑苏区 交通便利 配套齐全_苏州姑苏金门宝城小区二手房(苏州链家),2020-01-02,4室2厅,165, (共7层),19879
苏州大学,2,46.230000000000004,普通住宅,东环路1165号,高,0,0,107102131801,410,东环1号6号线商品房 带城平江 大复式带晒台 含汽车库_苏州姑苏苏州大学东环路1165号二手房(苏州链家),2020-01-03,5室3厅,192, (共5层),21355
胥江,0,0,普通住宅,梅亭苑,高,0,0,107102135863,235,新上房源 顶带阁 采光充足 房东诚心出售_苏州姑苏胥江梅亭苑二手房(苏州链家),2020-01-04,5室2厅,135, (共5层),17408
沧浪新城,3,26.64,普通住宅,长欣苑,高,0,0,107102141098,365,04年房龄 轻轨2号线 四房大复式 房东诚心出售_苏州姑苏沧浪新城长欣苑二手房(苏州链家),2020-01-06,4室3厅,162, (共5层),22531
南门,2,22.11,普通住宅,润发公寓,高,0,0,107102144847,675,精装复式 位置环境不错 带独立车库 诚心出售_苏州姑苏南门润发公寓二手房(苏州链家),2020-01-08,5室3厅,190, (共4层),35527
平江新城,0,0,普通住宅,苏江花园,高,0,0,107102145489,265,仲雅苑边上 苏江花园 5楼带阁楼 满5年 草桥和平实小_苏州姑苏平江新城苏江花园二手房(苏州链家),2020-01-08,4室2厅,129, (共5层),20543
齐门,0,0,别墅,狮林苑,低,0,0,107102146825,2300,狮林苑 优质房源  1楼带院子    ._苏州姑苏齐门狮林苑二手房(苏州链家),2020-01-09,6室2厅,240, (共2层),95834
南门,1,11.83,普通住宅,南环西路23号,高,0,0,107102150902,269,好房出售，4号线轻轨，经典装修。_苏州姑苏南门南环西路23号二手房(苏州链家),2020-01-10,4室2厅,157, (共5层),17134
石路,0,0,别墅,当代苏洲府MOMΛ,低,0,0,107102152292,1399,石路繁华地段闹中曲静享品质生活_苏州姑苏石路当代苏洲府MOMΛ二手房(苏州链家),2020-01-10,4室3厅,303, (共3层),46172
金门,0,0,普通住宅,宝城小区,高,0,0,107102153206,328,出门近轻轨口，前面无遮挡，采光刺眼，性价高_苏州姑苏金门宝城小区二手房(苏州链家),2020-01-11,4室2厅,165, (共6层),19879
胥江,0,0,普通住宅,奥林花园,高,0,0,107102155083,375,奥林花园，精装5楼复式，自住，看房方便，带独库！_苏州姑苏胥江奥林花园二手房(苏州链家),2020-01-11,5室3厅,220, (共5层),17046
胥江,0,0,普通住宅,三香花园,高,0,0,107102158318,350,三香广场旁 三香花园复式 带大露台 独库 自住装修_苏州姑苏胥江三香花园二手房(苏州链家),2020-01-13,6室3厅,155.68, (共5层),22483
金门,1,28.37,普通住宅,新元新村,高,0,0,107102158331,390,新元新村复式 带汽车库 大露台 自住装修 看房方便 急_苏州姑苏金门新元新村二手房(苏州链家),2020-01-13,5室3厅,128, (共4层),30469
胥江,1,12.28,普通住宅,胥馨家园,高,0,0,107102158325,430,轻轨旁 四楼复式 带南晒台 采光好 有钥匙 随时看房_苏州姑苏胥江胥馨家园二手房(苏州链家),2020-01-13,5室3厅,235, (共4层),18298
金门,2,13.64,普通住宅,金之枫花园,高,0,0,107102158334,355,金之枫花园复式 自住装修 带大晒台 独库 看房方便_苏州姑苏金门金之枫花园二手房(苏州链家),2020-01-13,5室3厅,175.5, (共6层),20228
胥江,0,0,普通住宅,华泰家园,低,0,0,107102158368,448,劳动路地铁2号线，护城河旁，华泰家园 有汽车库另_苏州姑苏胥江华泰家园二手房(苏州链家),2020-01-13,4室2厅,176, (共5层),25455
留园西园,0,0,普通住宅,新庄二村,高,0,0,107102158399,298,一梯一户，楼上楼下分开，相当于两家。_苏州姑苏留园西园新庄二村二手房(苏州链家),2020-01-13,5室3厅,200, (共6层),14900
金门,3,25.58,普通住宅,彩香一村三区,高,0,0,107102161785,270,视野好 利用空间充足 诚心出售 可塑造性高_苏州姑苏金门彩香一村三区二手房(苏州链家),2020-01-14,4室2厅,160.62, (共5层),16810
桃花坞,0,0,别墅,桃坞郡府,低,0,0,107102166702,1980,桃坞郡府，独栋别墅，全新毛坯，满两年，值得考虑_苏州姑苏桃花坞桃坞郡府二手房(苏州链家),2020-01-17,4室3厅,400.97, (共2层),49381
留园西园,1,5.26,普通住宅,玫瑰苑(姑苏区),高,0,0,107102177850,248,视野开阔采光充足，配套设施齐全，交通便利，得房率高_苏州姑苏留园西园玫瑰苑(姑苏区)二手房(苏州链家),2020-02-12,4室3厅,91.7, (共5层),27045
平江新城,0,0,普通住宅,汇翠花园,高,0,0,107102193178,338,房东诚心售房，看房方便，采光充足_苏州姑苏平江新城汇翠花园二手房(苏州链家),2020-02-25,5室3厅,195, (共5层),17334
南门,1,10.15,普通住宅,润发公寓,高,0,0,107102194233,680,润发公寓 桂花公园 护城河边 精装 五室 诚心出售_苏州姑苏南门润发公寓二手房(苏州链家),2020-02-26,5室3厅,190, (共4层),35790
平江新城,0,0,普通住宅,汇翠花园,高,0,0,107102198536,360,满五唯一 顶楼三阳台 楼下107+68平_苏州姑苏平江新城汇翠花园二手房(苏州链家),2020-02-27,5室2厅,175, (共5层),20572
胥江,0,0,普通住宅,梅亭苑,高,0,0,107102203656,190,梅亭苑5楼复式 看房方便 业主自住，自行车库15平米_苏州姑苏胥江梅亭苑二手房(苏州链家),2020-02-29,4室2厅,102.6, (共5层),18519
南门,3,28.229999999999997,普通住宅,桂花新村,高,0,0,107102213575,650,桂花新村 精装修带地暖 全明通透户型 诚售宜居复式_苏州姑苏南门桂花新村二手房(苏州链家),2020-03-04,5室2厅,217, (共4层),29954
平江新城,0,0,普通住宅,汇翠花园,高,0,0,107102215026,365,新上！汇翠复式大五房！30平露台！一家人住的大宅_苏州姑苏平江新城汇翠花园二手房(苏州链家),2020-03-04,5室2厅,195.72, (共5层),18650
金阊新城,0,0,普通住宅,富强新苑二区,高,0,0,107102220708,292,富强新苑二区 精装 带车位 带车库 配套全 位置好_苏州姑苏金阊新城富强新苑二区二手房(苏州链家),2020-03-06,4室2厅,154, (共5层),18962
平江路,1,14.69,普通住宅,兰亭苑,高,0,0,107102222709,640,小区是市区为数不多04年建造的房子，4楼复式，满五_苏州姑苏平江路兰亭苑二手房(苏州链家),2020-03-06,5室2厅,183, (共4层),34973
平江新城,2,14.3,普通住宅,苏锦一村,高,0,0,107102224126,375,锦月新居 复式住宅 精装修 4月满两年 业主诚意售房_苏州姑苏平江新城苏锦一村二手房(苏州链家),2020-03-07,5室2厅,183, (共5层),20492
胥江,3,36.14,普通住宅,泰南路120号,高,0,0,107102127133,380,此房满五 省税 是房东自住 精装保养好 面积大楼层合适_苏州姑苏胥江泰南路120号二手房(苏州链家),2020-01-02,5室3厅,185, (共5层),20541
金门,0,0,普通住宅,东沁苑,高,0,0,107102041769,245,此房采光好，顶楼复式，精装修，带一个自行车库。_苏州姑苏金门东沁苑二手房(苏州链家),2019-12-04,4室2厅,133.86, (共6层),18303
金门,0,0,普通住宅,张家浜,高,0,0,107102053183,185,双教育地铁姑苏区张家浜、、、、_苏州姑苏金门张家浜二手房(苏州链家),2019-12-08,4室2厅,67.44, (共6层),27432
沧浪新城,2,21.58,普通住宅,长欣苑,高,0,0,107102054183,335,长欣苑04年商品房，顶楼复式，地铁口，交通便利！_苏州姑苏沧浪新城长欣苑二手房(苏州链家),2019-12-08,5室2厅,162.2, (共5层),20654
齐门,0,0,别墅,晋府水巷别墅,低,0,0,107102054893,1680,晋府水巷别墅 6室3厅 1680万_苏州姑苏齐门晋府水巷别墅二手房(苏州链家),2019-12-08,6室3厅,366, (共3层),45902
平江新城,0,0,普通住宅,当代万国府MOMΛ,高,0,0,107102054906,630,万国府 科技住宅 视野开阔 家具全留 已满二 诚意出售_苏州姑苏平江新城当代万国府MOMΛ二手房(苏州链家),2019-12-08,4室1厅,145.7, (共16层),43240
留园西园,2,17.85,普通住宅,嘉业阳光城,高,0,0,107102058960,355,嘉业阳光城 5室3厅 355万_苏州姑苏留园西园嘉业阳光城二手房(苏州链家),2019-12-09,5室3厅,186, (共5层),19087
娄门,1,18.77,普通住宅,永林二区,高,0,0,107102059819,450,永林二区 户型正气通透 采光好 位置佳 诚意出售_苏州姑苏娄门永林二区二手房(苏州链家),2019-12-10,4室3厅,200.8, (共6层),22411
南门,2,22.799999999999997,普通住宅,盘福苑,高,0,0,107102063958,310,盘福苑 5室3厅 310万_苏州姑苏南门盘福苑二手房(苏州链家),2019-12-11,5室3厅,170, (共4层),18236
金门,2,23.37,普通住宅,日晖苑,高,0,0,107102065996,305,阊胥路 日晖苑  独立自行车库 通透户型_苏州姑苏金门日晖苑二手房(苏州链家),2019-12-12,4室2厅,154, (共5层),19806
金阊新城,0,0,普通住宅,富强新苑二区,高,0,0,107102066361,268,小区环境好，纯毛坯4房顶层带阁楼，采光好易改造。_苏州姑苏金阊新城富强新苑二区二手房(苏州链家),2019-12-12,4室2厅,150, (共5层),17867
苏州大学,0,0,别墅,水景丽舍,低,0,0,107102067045,888,卖点，苏州相门景区湖景房，古城区别墅_苏州姑苏苏州大学水景丽舍二手房(苏州链家),2019-12-12,6室2厅,290, (共4层),30621
留园西园,1,7.12,普通住宅,东吴苑,高,0,0,107102077234,240,虎丘景区 东吴苑 5楼复式 带自行车库10平_苏州姑苏留园西园东吴苑二手房(苏州链家),2019-12-15,4室2厅,89.34, (共5层),26864
南门,1,14.66,普通住宅,桂花新村,高,0,0,107102081273,588,居身山水间，悠然见桂花，风光南北过，金乌四方落_苏州姑苏南门桂花新村二手房(苏州链家),2019-12-16,6室2厅,117, (共5层),50257
金门,0,0,别墅,寒舍,低,0,0,107102086855,600,位置安静 四层到顶  正气五房 带花园 车库 露台_苏州姑苏金门寒舍二手房(苏州链家),2019-12-19,5室2厅,220, (共3层),27273
留园西园,2,13.899999999999999,普通住宅,倪家桥,高,0,0,107102090301,275,倪家桥，采光好，位置好，生活便利_苏州姑苏留园西园倪家桥二手房(苏州链家),2019-12-20,4室3厅,176, (共5层),15625
平江新城,1,17.65,普通住宅,梅花新苑,高,0,0,107102090943,315,梅花新苑 4室2厅 315万_苏州姑苏平江新城梅花新苑二手房(苏州链家),2019-12-20,4室2厅,152, (共5层),20724
胥江,1,31.12,普通住宅,新康花园,高,0,0,107102091156,340,新上房源，满五唯一，房东急售，位置采光好。_苏州姑苏胥江新康花园二手房(苏州链家),2019-12-20,6室2厅,200.66, (共6层),16945
南门,2,8.41,普通住宅,玉兰新村,高,0,0,107102093099,498,满五年唯一，复式精装修自住，采光好，位置好。_苏州姑苏南门玉兰新村二手房(苏州链家),2019-12-20,5室2厅,174, (共6层),28621
南门,0,0,普通住宅,佳安别院,低,1,55.18,107102096923,570,1楼带50平院子 苏氏园林佳安别院 满五年唯一_苏州姑苏南门佳安别院二手房(苏州链家),2019-12-22,4室3厅,154.82, (共4层),36817
石路,2,21.73,普通住宅,红菱花苑,高,0,0,107102101029,480,红菱花苑地铁口复式好房 精装修 拎包入住_苏州姑苏石路红菱花苑二手房(苏州链家),2019-12-23,5室3厅,200.4, (共5层),23953
金门,0,0,普通住宅,菱塘新村二区,高,0,0,107102101481,410,菱塘新村二区 5室2厅 410万_苏州姑苏金门菱塘新村二区二手房(苏州链家),2019-12-23,5室2厅,200, (共4层),20500
金门,0,0,别墅,寒舍,低,0,0,107102102332,620,新出 寒舍E户型 北进门 纯毛坯 诚意出售_苏州姑苏金门寒舍二手房(苏州链家),2019-12-24,4室3厅,220.89, (共3层),28069
金门,0,0,普通住宅,寒舍,低,0,0,107102102467,630,新出 寒舍E户型 南进门 纯毛坯 诚意出售_苏州姑苏金门寒舍二手房(苏州链家),2019-12-24,4室3厅,223.19, (共3层),28228
虎丘,1,10.0,普通住宅,虎阜花园西区,高,0,0,107102103118,370,虎阜花园西区，精装复式，满五唯一_苏州姑苏虎丘虎阜花园西区二手房(苏州链家),2019-12-24,5室3厅,173.06, (共5层),21380
南门,1,9.04,普通住宅,水城丽都,高,0,0,107102103820,465,水城丽都精装五楼复式，狂降30万，带买断车位，急售_苏州姑苏南门水城丽都二手房(苏州链家),2019-12-24,5室2厅,194, (共5层),23970
南门,1,10.96,普通住宅,人民路222号,高,0,0,107102105466,291.8,人民路222号精装复式  交通便利房东诚心 大阳台大露台_苏州姑苏南门人民路222号二手房(苏州链家),2019-12-25,5室3厅,174.92, (共5层),16682
胥江,1,21.7,普通住宅,万盛花园,高,0,0,107102115882,487,万盛花园，精装修，顶楼复式，家具全留_苏州姑苏胥江万盛花园二手房(苏州链家),2019-12-29,6室1厅,220.16, (共4层),22121
十全街,2,17.439999999999998,普通住宅,吴衙场散盘,低,0,0,107102116200,535,吴衙场散盘 4室2厅 535万_苏州姑苏十全街吴衙场散盘二手房(苏州链家),2019-12-29,4室2厅,104, (共3层),51443
金门,1,17.05,普通住宅,银泰花园一期,高,0,0,107102124461,375,干将路 银泰花园 顶楼复式带大车库 可以停放2部车！_苏州姑苏金门银泰花园一期二手房(苏州链家),2020-01-01,5室2厅,192, (共5层),19532
胥江,1,6.93,普通住宅,桐馨苑,高,0,0,107102040497,232,【贝壳精选】 满五唯一 地铁出口 配套齐全_苏州姑苏胥江桐馨苑二手房(苏州链家),2019-12-04,4室2厅,100, (共6层),23200
桃花坞,0,0,普通住宅,仁寿里,低,0,0,107101960673,3000,私宅  古城区   大院子  诚心出售_苏州姑苏桃花坞仁寿里二手房(苏州链家),2019-11-09,5室4厅,435.86, (共1层),68830
胥江,1,44.88,普通住宅,润达新村,高,0,0,107101961704,360,此房满五，复式，精致装修，诚心出售。_苏州姑苏胥江润达新村二手房(苏州链家),2019-11-09,4室1厅,158, (共5层),22785
十全街,0,0,普通住宅,网师巷散盘,低,0,0,107101967109,850,网师园旁 一到三楼叠加 诚心出售_苏州姑苏十全街网师巷散盘二手房(苏州链家),2019-11-11,4室2厅,225, (共4层),37778
胥江,0,0,普通住宅,胥馨家园,高,0,0,107101971944,375,胥馨家园 4室2厅 375万_苏州姑苏胥江胥馨家园二手房(苏州链家),2019-11-12,4室2厅,162.05, (共4层),23142
石路,1,16.01,普通住宅,南浩花园,高,0,0,107101972200,345,南浩花园，满五唯一，石路商圈内，三室，顶楼复式_苏州姑苏石路南浩花园二手房(苏州链家),2019-11-13,4室2厅,128.75, (共5层),26797
金阊新城,0,0,普通住宅,南山金城1958,高,0,0,107101972426,335,南山金城 洋房  4室2厅2卫  tese装修_苏州姑苏金阊新城南山金城1958二手房(苏州链家),2019-11-13,4室2厅,114.12, (共6层),29356
胥江,0,0,普通住宅,阊胥路1号,高,0,0,107101978816,498,石路商圈，2012年的房子，4楼复式，精装修_苏州姑苏胥江阊胥路1号二手房(苏州链家),2019-11-14,4室2厅,199, (共4层),25026
平江新城,0,0,普通住宅,新天地家园北区,高,0,0,107101978913,268,价格可大刀，满五唯一，户型正气。_苏州姑苏平江新城新天地家园北区二手房(苏州链家),2019-11-15,4室2厅,105.6, (共5层),25379
留园西园,3,57.86,别墅,嘉业阳光城,低,0,0,107101979273,750,满五唯一  采光好     精装修 房东诚心 一楼带院子_苏州姑苏留园西园嘉业阳光城二手房(苏州链家),2019-11-15,4室2厅,263.67, (共1层),28445
石路,1,14.93,普通住宅,胡家浜,高,0,0,107101988021,350,胡家浜带露天晒台可做阳光房，买房给予20平独立汽车库_苏州姑苏石路胡家浜二手房(苏州链家),2019-11-17,5室4厅,200, (共5层),17500
十全街,2,27.42,普通住宅,木杏新村,高,0,0,107101990336,488,"满五年唯一,木杏新村的复式带露台，视野开阔_苏州姑苏十全街木杏新村二手房(苏州链家)",2019-11-18,5室2厅,135.23, (共4层),36087
齐门,2,47.55,普通住宅,晋府水巷别墅,低,0,0,107101994113,980,拙政旁大别墅 空调地暖 四大开间 房东诚心置换_苏州姑苏齐门晋府水巷别墅二手房(苏州链家),2019-11-19,4室2厅,217, (共3层),45162
金门,0,0,普通住宅,彩香二村,高,0,0,107101994965,282,彩香 新出三开间朝南 全明户型好房_苏州姑苏金门彩香二村二手房(苏州链家),2019-11-20,4室2厅,139.28, (共6层),20247
沧浪新城,1,15.43,普通住宅,水香六村,高,0,0,107101995157,280,水香六村 顶复117+80 共五房四卫 面积超大_苏州姑苏沧浪新城水香六村二手房(苏州链家),2019-11-20,5室2厅,197, (共5层),14214
平江新城,1,12.18,普通住宅,汇翠花园,高,0,0,107101996228,342,草桥旁，精装复式四房，满五年，实用面积大_苏州姑苏平江新城汇翠花园二手房(苏州链家),2019-11-20,4室2厅,156.4, (共5层),21868
金门,1,13.91,普通住宅,东沁苑,高,0,0,107102000744,272,满五年，采光好，有电瓶车独库.._苏州姑苏金门东沁苑二手房(苏州链家),2019-11-21,4室2厅,141.27, (共6层),19254
金门,1,16.42,普通住宅,采香花园,高,0,0,107102005017,385,小刘推荐：6房，诚心出售，全明户型，通透性很好！_苏州姑苏金门采香花园二手房(苏州链家),2019-11-22,6室3厅,140, (共6层),27500
金门,2,27.82,普通住宅,采香花园,高,0,0,107102010814,278,采香花园 顶楼复式 阁楼未计入产证面积，使用率很高_苏州姑苏金门采香花园二手房(苏州链家),2019-11-24,4室2厅,110.05, (共6层),25262
金门,2,48.72,普通住宅,菱塘新村二区,高,0,0,107102011534,430,稀有4楼复式.鎹30平汽车库.70平大晒台_苏州姑苏金门菱塘新村二区二手房(苏州链家),2019-11-24,5室2厅,200, (共4层),21500
南门,1,18.6,普通住宅,翠园新村,高,0,0,107102015180,348,翠园大面积，阳光房，居住舒适程度高_苏州姑苏南门翠园新村二手房(苏州链家),2019-11-26,4室2厅,137, (共6层),25402
娄门,1,10.1,普通住宅,永林二区,高,0,0,107102017011,330,5楼复式，利用率超高，全明户型，XQ未用，商品房_苏州姑苏娄门永林二区二手房(苏州链家),2019-11-26,4室3厅,141.49, (共5层),23324
沧浪新城,2,28.12,普通住宅,友联一村,高,0,0,107102022669,235,友联一村，诚心出售，交通方便，_苏州姑苏沧浪新城友联一村二手房(苏州链家),2019-11-28,4室2厅,131, (共6层),17939
虎丘,0,0,普通住宅,虎阜花园西区,高,0,0,107102025913,229.5,四房，虎阜花园，复式，独库，诚心出售_苏州姑苏虎丘虎阜花园西区二手房(苏州链家),2019-11-29,4室2厅,99.2, (共5层),23136
桃花坞,0,0,别墅,景苑小区,低,0,0,107102026817,840,护城河畔联排别墅，满五年唯一，汽车库汽车位_苏州姑苏桃花坞景苑小区二手房(苏州链家),2019-11-30,5室2厅,212.99, (共4层),39439
齐门,0,0,普通住宅,竹之苑,低,0,0,107102028015,535,房子 一二楼复式 实际面积200平，带院子_苏州姑苏齐门竹之苑二手房(苏州链家),2019-11-30,4室2厅,120, (共4层),44584
平江新城,4,51.27,普通住宅,当代万国府MOMΛ,高,0,0,107102028439,680,上叠带露台 纯毛坯 可塑性强 房东诚意出售_苏州姑苏平江新城当代万国府MOMΛ二手房(苏州链家),2019-11-30,4室2厅,130, (共6层),52308
十全街,1,8.63,普通住宅,南林苑进士巷散盘,高,0,0,107102031410,576,户型正气，采光好，四号地铁线三元坊地铁站_苏州姑苏十全街南林苑进士巷散盘二手房(苏州链家),2019-12-01,4室2厅,115, (共4层),50087
南门,1,8.17,普通住宅,仓米巷社区,高,0,0,107102034152,440,大四房带阳光房，采光很好，精装修_苏州姑苏南门仓米巷社区二手房(苏州链家),2019-12-02,4室3厅,110, (共4层),40000
金阊新城,0,0,普通住宅,富强新苑一区,高,0,0,107102038263,327,顶带阁，面积大，采光好，楼间距大_苏州姑苏金阊新城富强新苑一区二手房(苏州链家),2019-12-03,5室2厅,187, (共5层),17487
葑门,0,0,普通住宅,现代花园,高,0,0,107101959323,327,现代花园三期顶带阁五室二厅二卫150平出售_苏州姑苏葑门现代花园二手房(苏州链家),2019-11-09,5室2厅,150, (共5层),21800
苏州大学,0,0,别墅,万科长风别墅,低,0,0,107101824813,1700,联排 三层+地下娱乐室+两车位 精装修 东环地铁口_苏州姑苏苏州大学万科长风别墅二手房(苏州链家),2019-10-06,5室2厅,280, (共3层),60715
留园西园,0,0,别墅,玖园,低,0,0,107101826747,779.7,精装修，户型方正，南北花园，地上三层地下一层_苏州姑苏留园西园玖园二手房(苏州链家),2019-10-07,4室2厅,288, (共2层),27073
胥江,0,0,普通住宅,金桥新村,高,0,0,107101827788,265,金桥新村 业主诚心出售 带独库6平米_苏州姑苏胥江金桥新村二手房(苏州链家),2019-10-07,4室3厅,98, (共6层),27041
胥江,2,13.55,普通住宅,新康花园,高,0,0,107101831568,308,新康花园城市韵律精装自住顶楼复式_苏州姑苏胥江新康花园二手房(苏州链家),2019-10-08,4室2厅,132, (共6层),23334
平江新城,0,0,普通住宅,新天地家园南区,高,0,0,107101836043,300,一个汽车库，一个自行车库，还有两个车位，红木家具_苏州姑苏平江新城新天地家园南区二手房(苏州链家),2019-10-09,4室2厅,122, (共5层),24591
胥江,0,0,普通住宅,梅亭苑,高,0,0,107101836115,234,梅亭苑 精装修 装修的干净整洁 看房提前联系_苏州姑苏胥江梅亭苑二手房(苏州链家),2019-10-09,4室2厅,132, (共5层),17728
留园西园,0,0,普通住宅,桐仁花园,高,0,0,107101837536,275,桐仁花园  留园玻纤路新房 桐泾北路至北环快速路_苏州姑苏留园西园桐仁花园二手房(苏州链家),2019-10-10,4室2厅,79.25, (共5层),34701
十全街,1,11.94,普通住宅,木杏新村,低,0,0,107101846648,480,平直振华直属 2000年房龄 复式 户型正 采光好_苏州姑苏十全街木杏新村二手房(苏州链家),2019-10-12,4室2厅,88, (共3层),54546
南门,1,19.61,普通住宅,桂花新村,高,0,0,107101846982,480,桂花新村，满五唯一，房东诚售。。。_苏州姑苏南门桂花新村二手房(苏州链家),2019-10-12,4室2厅,128.7, (共6层),37297
平江路,0,0,普通住宅,富乡小区,高,0,0,107101878688,443.5,新上平实小本部   四开间朝南  带40平超大露台_苏州姑苏平江路富乡小区二手房(苏州链家),2019-10-16,4室2厅,190, (共5层),23343
南门,1,23.3,普通住宅,领秀江南,高,0,0,107101878872,630,领秀江南，姑苏区的品质小区，复式精装_苏州姑苏南门领秀江南二手房(苏州链家),2019-10-16,4室2厅,194, (共4层),32475
金阊新城,0,0,普通住宅,富强新苑一区,高,0,0,107101883565,330,富强新苑大面积 精装修  房东自住保养好_苏州姑苏金阊新城富强新苑一区二手房(苏州链家),2019-10-17,4室1厅,186, (共5层),17742
沧浪新城,0,0,别墅,博雅苑,低,0,0,107101885149,1470,博雅苑 稀有 独栋大别墅。。。。_苏州姑苏沧浪新城博雅苑二手房(苏州链家),2019-10-18,5室3厅,370, (共3层),39730
胥江,0,0,别墅,润福园,低,0,0,107101890799,735,润福园，中间位置，精装拎包入住，大院子，诚心出售_苏州姑苏胥江润福园二手房(苏州链家),2019-10-19,5室3厅,265, (共3层),27736
金阊新城,0,0,普通住宅,南山金城1958,低,0,0,107101902287,398,南山金城一楼带花园，楼幢位置好！_苏州姑苏金阊新城南山金城1958二手房(苏州链家),2019-10-23,4室2厅,137, (共5层),29052
胥江,0,0,普通住宅,万科金品家园,低,1,57.35,107101911957,750,房东诚心出售，万科洋房一楼带花园_苏州姑苏胥江万科金品家园二手房(苏州链家),2019-10-26,4室2厅,280, (共4层),26786
葑门,0,0,普通住宅,杨枝四村,高,0,0,107101921138,258,东环杨枝四村，户型通透，交通便利，实用面积大。_苏州姑苏葑门杨枝四村二手房(苏州链家),2019-10-28,4室2厅,123, (共6层),20976
金阊新城,0,0,普通住宅,宝邻苑,高,0,0,107101921142,215,宝邻苑  满2 中间楼层 采光好 配套齐全 交通便利_苏州姑苏金阊新城宝邻苑二手房(苏州链家),2019-10-28,4室2厅,86.36, (共6层),24896
胥江,3,50.65,普通住宅,万科金品家园,高,0,0,107101921160,645,万科洋房房少有西边户，原始户型结构空间大_苏州姑苏胥江万科金品家园二手房(苏州链家),2019-10-28,4室2厅,192, (共4层),33594
胥江,1,8.86,普通住宅,友新新村,高,0,0,107101935405,320,友新新村 5楼复式 6个卧室 超大空间 上下加起来二百平_苏州姑苏胥江友新新村二手房(苏州链家),2019-11-01,5室2厅,200, (共5层),16000
胥江,0,0,普通住宅,金帝名园,低,0,0,107101935726,670,联排边户，位置安静！满五唯一！附带地下室和阳光房_苏州姑苏胥江金帝名园二手房(苏州链家),2019-11-02,4室2厅,275.17, (共3层),24349
金阊新城,0,0,普通住宅,富强新苑二区,高,0,0,107101938589,263,富强新苑二区毛坯复式 从未入住 位置佳 诚心出售_苏州姑苏金阊新城富强新苑二区二手房(苏州链家),2019-11-02,4室2厅,188, (共5层),13990
胥江,0,0,普通住宅,三香花园,高,0,0,107101939176,350,房东急售三香路2号线地铁口三香花园精装修跃层复式_苏州姑苏胥江三香花园二手房(苏州链家),2019-11-03,6室3厅,155.18, (共5层),22555
齐门,0,0,普通住宅,平齐花苑,高,0,0,107101942273,530,顶层花园 前后大阳台 实用面积大 护城河边 诚心出售_苏州姑苏齐门平齐花苑二手房(苏州链家),2019-11-03,5室3厅,186.61, (共4层),28402
胥江,0,0,普通住宅,梅亭苑,高,0,0,107101942468,192,新上梅亭苑五楼复式、精装4房、业主诚心卖、看房方便_苏州姑苏胥江梅亭苑二手房(苏州链家),2019-11-03,4室2厅,96.15, (共5层),19969
金阊新城,0,0,普通住宅,南山金城1958,低,0,0,107101943817,385,南山金城婚装大四房，装修保养好，诚意出售！_苏州姑苏金阊新城南山金城1958二手房(苏州链家),2019-11-04,4室2厅,131.23, (共6层),29338
平江新城,1,4.03,普通住宅,梅林新苑,高,0,0,107101948379,222,梅林新苑 四室两厅两卫 精装修家电齐全 随时看房_苏州姑苏平江新城梅林新苑二手房(苏州链家),2019-11-05,4室2厅,111.77, (共5层),19863
苏州大学,0,0,普通住宅,新湘苑,高,0,0,107101949331,499,满五年唯一，内外楼梯复式精装修，户型正气采光好！_苏州姑苏苏州大学新湘苑二手房(苏州链家),2019-11-06,5室3厅,175, (共6层),28515
留园西园,0,0,别墅,丽景花苑,低,0,0,107101956219,900,满五唯一   户型正气  拎包入住 精装 交通方便_苏州姑苏留园西园丽景花苑二手房(苏州链家),2019-11-08,4室2厅,289, (共1层),31142
桃花坞,0,0,普通住宅,西中市小区,低,0,0,107101824747,880,桃花坞，石路，独门独院，2层洋房_苏州姑苏桃花坞西中市小区二手房(苏州链家),2019-10-06,4室2厅,218, (共1层),40367
胥江,0,0,普通住宅,梅亭苑,高,0,0,107101693562,218,梅亭苑 顶带阁 四开间朝南 采光充足 房东诚心售_苏州姑苏胥江梅亭苑二手房(苏州链家),2019-08-28,4室2厅,112, (共5层),19465
金门,0,0,别墅,寒舍,低,0,0,107101702067,690,寒舍 有中庭  格局通透 满五年 省税 诚意出售_苏州姑苏金门寒舍二手房(苏州链家),2019-08-31,4室2厅,223, (共3层),30942
南门,0,0,普通住宅,南华公寓,高,0,0,107101706891,270,四房两卫，通透户型，复式双阳台，附带两个阳光房_苏州姑苏南门南华公寓二手房(苏州链家),2019-09-01,4室2厅,203, (共5层),13301
平江新城,0,0,普通住宅,鼎尚花园(姑苏区),高,0,0,107101708610,329,位置安静  顶楼复式，可满足一家人居住，看房提前约_苏州姑苏平江新城鼎尚花园(姑苏区)二手房(苏州链家),2019-09-01,4室2厅,148, (共5层),22230
沧浪新城,2,25.75,普通住宅,怡景万家,高,0,0,107101715239,600,怡景万家 自住精装修保养好 楼层采光好_苏州姑苏沧浪新城怡景万家二手房(苏州链家),2019-09-03,5室3厅,205, (共5层),29269
胥江,0,0,普通住宅,广大家园,高,0,0,107101717558,206,广大家园4楼顶复有车库............._苏州姑苏胥江广大家园二手房(苏州链家),2019-09-04,4室2厅,84.92, (共4层),24259
留园西园,0,0,普通住宅,嘉业阳光城,高,0,0,107101719698,400,此房满五不唯一，格局好，楼层好，视野宽阔 采光好，_苏州姑苏留园西园嘉业阳光城二手房(苏州链家),2019-09-05,5室3厅,192, (共5层),20834
金门,0,0,普通住宅,干将西路1301号,高,0,0,107101723305,495,全明格局，复式带空中花园，前排无遮挡，采光充足_苏州姑苏金门干将西路1301号二手房(苏州链家),2019-09-06,6室4厅,219, (共5层),22603
金阊新城,0,0,普通住宅,富强新苑二区,高,0,0,107101737194,289,精装自住保养好    阁楼有独立的门     家电家具全留_苏州姑苏金阊新城富强新苑二区二手房(苏州链家),2019-09-09,5室2厅,187, (共5层),15455
十全街,1,12.11,普通住宅,文元弄2号,低,0,0,107101741827,265,私有产，出行便捷，产权无纠纷.._苏州姑苏十全街文元弄2号二手房(苏州链家),2019-09-11,4室2厅,73.5, (共1层),36055
十全街,0,0,别墅,定慧寺巷社区,低,0,0,107101742707,1200,双塔定慧寺巷联排别墅，边户院子大，振华未用_苏州姑苏十全街定慧寺巷社区二手房(苏州链家),2019-09-11,4室3厅,255, (共1层),47059
胥江,1,15.03,普通住宅,盘景苑,高,0,0,107101743448,396,盘景苑五楼复式 实用面积大 带露台_苏州姑苏胥江盘景苑二手房(苏州链家),2019-09-11,5室2厅,207, (共5层),19131
苏州大学,0,0,普通住宅,宏葑新村,低,0,0,107101743992,270,满五年唯一，税费少，户型方正，全明，采光好！_苏州姑苏苏州大学宏葑新村二手房(苏州链家),2019-09-11,4室1厅,96.45, (共6层),27994
平江新城,0,0,普通住宅,梅花新村,高,0,0,107101753476,193,平江新城  顶楼带阁楼  阁楼利用率高 可自由设计装修_苏州姑苏平江新城梅花新村二手房(苏州链家),2019-09-14,4室2厅,140, (共6层),13786
胥江,2,20.77,普通住宅,新康花园,高,0,0,107101763050,314,精装六房，带大露台，阁楼空间大，层高不压抑_苏州姑苏胥江新康花园二手房(苏州链家),2019-09-17,6室1厅,185, (共5层),16973
沧浪新城,0,0,普通住宅,水香六村,高,0,0,107101766531,350,水香六村地理位置很好，设备齐全，地铁500米_苏州姑苏沧浪新城水香六村二手房(苏州链家),2019-09-18,5室3厅,217.4, (共5层),16100
平江新城,0,0,普通住宅,梅花三村,高,0,0,107101766689,259,梅花三村，复式，诚心出售，四房，满5年_苏州姑苏平江新城梅花三村二手房(苏州链家),2019-09-18,4室2厅,129, (共6层),20078
十全街,0,0,普通住宅,唐家巷41号,低,0,0,107101766835,460,干将路唐家巷，一楼带车位，相门地铁站_苏州姑苏十全街唐家巷41号二手房(苏州链家),2019-09-18,4室2厅,131.51, (共4层),34979
金阊新城,0,0,普通住宅,富强新苑二区,高,0,0,107101768667,333,富强大户带阁楼，带大汽车库和小车库，全新硬装  少有_苏州姑苏金阊新城富强新苑二区二手房(苏州链家),2019-09-19,5室2厅,188, (共5层),17713
苏州大学,2,24.13,普通住宅,新湘苑,高,0,0,107101770201,405,新湘苑，5楼复式，楼上体现在产证里，自住精装_苏州姑苏苏州大学新湘苑二手房(苏州链家),2019-09-19,5室3厅,163, (共5层),24847
平江路,0,0,普通住宅,石板街9号,高,0,0,107101770268,267.8,此房楼层好，位置佳，采光无遮挡，看房方便_苏州姑苏平江路石板街9号二手房(苏州链家),2019-09-19,4室2厅,130.5, (共4层),20522
葑门,0,0,普通住宅,现代花园,高,0,0,107101772123,318,现代花园二期5-2-2五楼复式，内外楼梯_苏州姑苏葑门现代花园二手房(苏州链家),2019-09-20,5室2厅,160.87, (共5层),19768
胥江,1,14.32,普通住宅,劳动路110号,高,0,0,107101775859,300,劳动路110号，老式精装，拎包入住，有汽车库_苏州姑苏胥江劳动路110号二手房(苏州链家),2019-09-21,4室2厅,152, (共5层),19737
桃花坞,0,0,别墅,包衙前,低,0,0,107101794982,660,包衙前，1到4楼别墅，院子，晒台，户型正气得房率好_苏州姑苏桃花坞包衙前二手房(苏州链家),2019-09-26,4室3厅,157.89, (共4层),41802
十全街,0,0,普通住宅,唐家巷41号,低,0,0,107101796622,408,满两年 草桥振华，房东诚心置换出售。交通便利_苏州姑苏十全街唐家巷41号二手房(苏州链家),2019-09-27,4室2厅,103, (共6层),39612
齐门,0,0,普通住宅,政园小区,高,0,0,107101805250,480,4楼大复式 实用面积200+ 全新精装未住人 户型格局好_苏州姑苏齐门政园小区二手房(苏州链家),2019-09-29,4室3厅,188, (共4层),25532
十全街,2,8.99,普通住宅,唐家巷41号,高,0,0,107101810584,512,四楼复式南北露台 有汽车库 地铁一号线 自住精装修_苏州姑苏十全街唐家巷41号二手房(苏州链家),2019-10-01,4室3厅,150, (共4层),34134
平江新城,0,0,普通住宅,梅花三村,高,0,0,107101814059,225,梅花三村四室两厅两卫，拎包入住，房东诚心出售_苏州姑苏平江新城梅花三村二手房(苏州链家),2019-10-03,4室2厅,114.7, (共6层),19617
金门,0,0,普通住宅,银杏苑(姑苏区),高,0,0,107101823271,380,全明户型，户型方正，采光刺眼，自住装修，可拎包入住_苏州姑苏金门银杏苑(姑苏区)二手房(苏州链家),2019-10-06,7室2厅,213, (共5层),17841
金阊新城,0,0,普通住宅,富强新苑二区,高,0,0,107101688809,295,富强二区 带大车库 精装修 品牌家具家电 拎包入住_苏州姑苏金阊新城富强新苑二区二手房(苏州链家),2019-08-27,5室3厅,188, (共5层),15692
南门,0,0,普通住宅,佳安别院,高,0,0,107101583287,400,佳安别院 6室3厅 400万_苏州姑苏南门佳安别院二手房(苏州链家),2019-07-28,6室3厅,127.88, (共4层),31280
齐门,0,0,别墅,润园(姑苏区),低,0,0,107101587033,3600,拙政园旁古典园林别墅 独栋别墅_苏州姑苏齐门润园(姑苏区)二手房(苏州链家),2019-07-29,5室3厅,359.8, (共1层),100056
平江新城,1,8.49,普通住宅,汇翠花园,高,0,0,107101587598,300,汇翠花园 5室2厅 300万_苏州姑苏平江新城汇翠花园二手房(苏州链家),2019-07-29,5室2厅,156.88, (共6层),19123
胥江,0,0,普通住宅,益锦苑,高,0,0,107101588461,210,复式 面积大带露台有独立车库 满五年唯一 哇哦_苏州姑苏胥江益锦苑二手房(苏州链家),2019-07-29,5室1厅,85.9, (共5层),24448
十全街,0,0,普通住宅,木杏新村,低,0,0,107101590489,460,房东诚心出售平直振华 木杏新村精装四房 带汽车位_苏州姑苏十全街木杏新村二手房(苏州链家),2019-07-30,4室2厅,122.09, (共3层),37678
十全街,0,0,普通住宅,东小桥弄散盘,低,0,0,107101595243,555,东小桥弄 孔付寺巷 三房朝南 中间楼层 沧本 振华！！_苏州姑苏十全街东小桥弄散盘二手房(苏州链家),2019-08-01,4室1厅,109.8, (共3层),50547
胥江,1,13.28,普通住宅,益锦苑,高,0,0,107101596223,260,浇筑 阁楼高3米  五楼复  楼下三房 楼上三房 带大露_苏州姑苏胥江益锦苑二手房(苏州链家),2019-08-01,6室4厅,176, (共5层),14773
平江新城,0,0,普通住宅,当代万国府MOMΛ,低,0,0,107101597518,646,当代万国府，科技住宅，精装交付，教科院_苏州姑苏平江新城当代万国府MOMΛ二手房(苏州链家),2019-08-01,4室2厅,145, (共16层),44552
金门,0,0,普通住宅,三元四村,低,0,0,107101606547,400,三元四村，双叠，40平院子，环境好，安静，示范小区_苏州姑苏金门三元四村二手房(苏州链家),2019-08-04,4室3厅,172, (共6层),23256
南门,2,16.21,普通住宅,南园花苑,高,0,0,107101607080,528,南园花苑，阁楼复式，环境清幽，出行方便，看房随时_苏州姑苏南门南园花苑二手房(苏州链家),2019-08-04,4室2厅,173.37, (共5层),30456
平江新城,2,19.88,普通住宅,翠园雅筑,高,0,0,107101609080,550,大观花园旁+翠园雅筑顶复+精装修+南北通透+带汽车库_苏州姑苏平江新城翠园雅筑二手房(苏州链家),2019-08-04,5室1厅,202, (共5层),27228
金阊新城,0,0,普通住宅,南山金城1958,高,0,0,107101610142,515,南山金城，顶复式楼，装修好，满五唯一，诚心出售_苏州姑苏金阊新城南山金城1958二手房(苏州链家),2019-08-04,6室3厅,165, (共6层),31213
留园西园,2,32.04,普通住宅,缘园小区,高,0,0,107101611246,260,罕见南北双露台。婚房装修家电全包，业主诚心卖！！！_苏州姑苏留园西园缘园小区二手房(苏州链家),2019-08-05,4室2厅,145.18, (共5层),17909
沧浪新城,2,23.240000000000002,别墅,福星小区,低,2,311.89,107101612348,680,全明联排别墅，格局好，楼层好，视野开阔_苏州姑苏沧浪新城福星小区二手房(苏州链家),2019-08-05,5室3厅,171.78, (共3层),39586
平江新城,0,0,普通住宅,当代万国府MOMΛ,低,2,53.809999999999995,107101620490,756,万国府 纯毛坯 一楼带院子 看房方便 诚心出售_苏州姑苏平江新城当代万国府MOMΛ二手房(苏州链家),2019-08-08,5室3厅,202.89, (共6层),37262
胥江,0,0,普通住宅,景运家园,高,0,0,107101624785,470,改善房西环路四楼精装复式小区中间位置闹中取静_苏州姑苏胥江景运家园二手房(苏州链家),2019-08-09,5室2厅,193.38, (共4层),24305
苏州大学,0,0,别墅,万科长风别墅,低,0,0,107101627165,1780,万科长风地铁边双拼别墅业主诚意出售看房基本方便_苏州姑苏苏州大学万科长风别墅二手房(苏州链家),2019-08-10,4室2厅,308, (共3层),57793
沧浪新城,0,0,普通住宅,友联一村,高,0,0,107101627835,248,友联一村  顶楼复式 精装修 独立自行车库 阳光房_苏州姑苏沧浪新城友联一村二手房(苏州链家),2019-08-10,4室3厅,128, (共6层),19375
沧浪新城,0,0,普通住宅,南环西路2015号,低,0,0,107101635380,340,南环西路2015号 楼层低面积大户型好_苏州姑苏沧浪新城南环西路2015号二手房(苏州链家),2019-08-12,4室2厅,147, (共4层),23130
娄门,0,0,普通住宅,永林北区,低,0,0,107101639180,335,建造在2000年 四房户型 一楼带车库_苏州姑苏娄门永林北区二手房(苏州链家),2019-08-13,4室2厅,120, (共5层),27917
金阊新城,0,0,普通住宅,南山金城1958,高,0,0,107101643121,510,南山金城1958 4室3厅 510万_苏州姑苏金阊新城南山金城1958二手房(苏州链家),2019-08-14,4室3厅,180, (共5层),28334
十全街,0,0,普通住宅,草桥弄8号,低,0,0,107101644895,630,草桥弄 叠加户型 实用面积200多平 大露台 空中别墅_苏州姑苏十全街草桥弄8号二手房(苏州链家),2019-08-15,6室2厅,144, (共3层),43750
金阊新城,0,0,普通住宅,富强新苑二区,高,0,0,107101652076,298,富强顶带阁 精装修（自住保养新）大四居_苏州姑苏金阊新城富强新苑二区二手房(苏州链家),2019-08-17,5室2厅,183, (共5层),16285
胥江,0,0,普通住宅,锦绣新苑,高,0,0,107101663405,242,复式好房，得房率高，一梯一户，安静安全_苏州姑苏胥江锦绣新苑二手房(苏州链家),2019-08-20,5室2厅,180, (共6层),13445
桃花坞,0,0,普通住宅,桃花坞大街散盘,低,0,0,107101664837,395,轨道交通北寺塔站，桃花坞大街，大户型单价低，实用多_苏州姑苏桃花坞桃花坞大街散盘二手房(苏州链家),2019-08-21,4室2厅,210.16, (共3层),18796
留园西园,1,14.57,普通住宅,御庭苑,高,0,0,107101667166,370,户型正气，砖混结构，房屋前方无树木遮挡，采光充足。_苏州姑苏留园西园御庭苑二手房(苏州链家),2019-08-21,5室2厅,144, (共5层),25695
南门,0,0,普通住宅,桂花新村,高,0,0,107101673897,475,此房楼层好，位置佳，采光无遮挡，看房方便，含汽车库_苏州姑苏南门桂花新村二手房(苏州链家),2019-08-23,4室2厅,124.39, (共4层),38187
苏州大学,2,32.019999999999996,普通住宅,新湘苑,高,0,0,107101678972,500,新上护城河新湘苑，房东诚心出售，看房方便_苏州姑苏苏州大学新湘苑二手房(苏州链家),2019-08-24,4室3厅,173, (共6层),28902
胥江,0,0,普通住宅,梅亭苑,高,0,0,107101683135,223,梅亭苑   顶楼复  桐泾公园地铁口，房东诚信出售_苏州姑苏胥江梅亭苑二手房(苏州链家),2019-08-25,4室2厅,132, (共5层),16894
桃花坞,0,0,普通住宅,海红坊散盘,低,0,0,107101575183,1500,独门独户独院 共三进 纯一楼 仓储用地 出让土地_苏州姑苏桃花坞海红坊散盘二手房(苏州链家),2019-07-26,10室6厅,1024.13, (共1层),14647
平江新城,0,0,普通住宅,梅花新苑,高,0,0,107101475468,285,梅花新苑 满五唯一 复式好房 拎包入住_苏州姑苏平江新城梅花新苑二手房(苏州链家),2019-06-28,4室3厅,168.58, (共5层),16906
胥江,0,0,普通住宅,华泰家园,高,0,0,107101482726,415,华泰家园  复式  户型方正  汽车库_苏州姑苏胥江华泰家园二手房(苏州链家),2019-06-30,4室2厅,187, (共5层),22193
平江新城,0,0,普通住宅,华恒家园,高,0,0,107101482824,320,仲雅苑旁 华恒家园 精装顶复 换房诚售 看房方便_苏州姑苏平江新城华恒家园二手房(苏州链家),2019-06-30,5室2厅,163, (共5层),19632
平江新城,2,22.94,普通住宅,大观花园北区,高,0,0,107101484345,500,买一层住两层  适合人口多的家庭入住_苏州姑苏平江新城大观花园北区二手房(苏州链家),2019-06-30,6室3厅,116, (共5层),43104
胥江,0,0,普通住宅,彩虹一村,低,0,0,107101486505,245,好楼层，出行方便，通风好，诚心出售！！_苏州姑苏胥江彩虹一村二手房(苏州链家),2019-07-01,4室2厅,114.7, (共6层),21361
胥江,0,0,普通住宅,梅亭苑,高,0,0,107101496518,220,梅亭苑顶楼复式，带独库，精装修诚心出售_苏州姑苏胥江梅亭苑二手房(苏州链家),2019-07-04,4室2厅,133, (共5层),16542
留园西园,0,0,普通住宅,新庄新村,高,0,0,107101501213,250,顶复楼上层高不压抑 中间位置 两南房 看房提前联系_苏州姑苏留园西园新庄新村二手房(苏州链家),2019-07-05,4室3厅,153, (共6层),16340
南门,0,0,普通住宅,水城丽都,高,0,0,107101505786,470,南环边水城丽都精装修大面积出售_苏州姑苏南门水城丽都二手房(苏州链家),2019-07-06,4室2厅,166.63, (共5层),28207
胥江,1,12.82,普通住宅,新康花园,高,0,0,107101512343,323,新康花园，满五年精装修 顶楼复式 带车库 带汽车位_苏州姑苏胥江新康花园二手房(苏州链家),2019-07-07,4室2厅,134.98, (共5层),23930
胥江,1,13.44,普通住宅,金桥新村,高,0,0,107101516666,213,桐泾公园旁，5号线沿线，婚装六楼复式，适合一家人_苏州姑苏胥江金桥新村二手房(苏州链家),2019-07-09,5室2厅,133, (共6层),16016
石路,0,0,普通住宅,香雪海路3号,高,0,0,107101517682,398,五楼复式带晒台 2001年房龄 内楼梯 大五房_苏州姑苏石路香雪海路3号二手房(苏州链家),2019-07-09,5室3厅,206, (共5层),19321
南门,2,18.69,普通住宅,鼎泰花园,高,0,0,107101523581,565,鼎泰花园 百万装修 带汽车库 品质小区 改善优选_苏州姑苏南门鼎泰花园二手房(苏州链家),2019-07-11,4室2厅,197, (共5层),28681
南门,0,0,普通住宅,新翠园新村,高,0,0,107101523934,440,新翠园 楼下124楼上68平 平直振华 降价30万  急卖_苏州姑苏南门新翠园新村二手房(苏州链家),2019-07-11,4室2厅,192, (共5层),22917
南门,2,22.479999999999997,普通住宅,桂花新村,高,0,0,107101525066,590,此房楼层好，位置佳，采光无遮挡，看房方便_苏州姑苏南门桂花新村二手房(苏州链家),2019-07-11,6室3厅,200.1, (共4层),29486
金门,0,0,普通住宅,银泰花园一期,高,0,0,107101530947,375,此房满五不唯一，带自行车库，顶楼复式，保养好_苏州姑苏金门银泰花园一期二手房(苏州链家),2019-07-13,6室2厅,192, (共5层),19532
留园西园,0,0,普通住宅,新庄新村,高,0,0,107101531655,290,顶楼带阁楼 满五年 看房提前联系 房东诚心出售_苏州姑苏留园西园新庄新村二手房(苏州链家),2019-07-13,5室3厅,193.52, (共5层),14986
平江新城,1,10.49,普通住宅,大观花园,高,0,0,107101532805,409.7,善耕+草桥 豪 装复式 105+56 楼上挑高两米八 满五唯一_苏州姑苏平江新城大观花园二手房(苏州链家),2019-07-13,4室3厅,160, (共5层),25607
沧浪新城,1,21.34,普通住宅,水香六村,高,0,0,107101533860,299,水香六村 5室3厅 299万_苏州姑苏沧浪新城水香六村二手房(苏州链家),2019-07-14,5室3厅,212, (共6层),14104
平江新城,0,0,普通住宅,翠园雅筑,高,0,0,107101533960,390,翠园雅筑 4室3厅 390万_苏州姑苏平江新城翠园雅筑二手房(苏州链家),2019-07-14,4室3厅,151.99, (共5层),25660
桃花坞,0,0,别墅,桃坞巷,低,0,0,107101538016,1029,配套齐全 ，视野佳，优质物业。_苏州姑苏桃花坞桃坞巷二手房(苏州链家),2019-07-15,5室2厅,285, (共3层),36106
葑门,1,20.92,普通住宅,杨枝四村,高,0,0,107101540719,300,杨枝四村 房龄新 带独库 大复式 看房方便_苏州姑苏葑门杨枝四村二手房(苏州链家),2019-07-15,5室2厅,120.54, (共5层),24889
金门,0,0,普通住宅,新元二村,高,0,0,107101541769,291,顶楼带阁楼，此房满五年，户型正气，使用面积大。_苏州姑苏金门新元二村二手房(苏州链家),2019-07-16,5室2厅,109.43, (共5层),26593
南门,0,0,普通住宅,南门路49-1号,高,0,0,107101542266,345,平直振华 精装 3房朝南 满5年 税少_苏州姑苏南门南门路49-1号二手房(苏州链家),2019-07-16,4室2厅,91, (共5层),37913
留园西园,0,0,普通住宅,嘉业阳光城,高,0,0,107101554531,430,房子满五，车库一个，精装修，采光好，诚心出售_苏州姑苏留园西园嘉业阳光城二手房(苏州链家),2019-07-20,4室3厅,258, (共5层),16667
